question_from_llm,natural_question_arisen_from_code,python_script_path,tables,text,source_dataset,check_if_code_works,bias,number_of_nested_queries,error_message
"Among Mexican states with at least 5 households that reported knowing a family/friend robbed in the last 5 years (vlh08a = 1), what are the average perceived safety at home (vlh04; lower means safer) and the average code for leaving lights on as a security method (vlh06; 1 = Yes, 3 = No) across all households in those states? Sort states from safest to least safe.","Among states with at least five households who answered Yes to knowing a family or friend robbed in the last five years, what are the average responses to “Feel safe at home?” and “Leave lights on as a security method?”, and how many households are in each state, ordered from safest to least safe?",python_script_for_queries/SQL_TYPE_ALONE/v2/hh09dta_b2/query_000001.py,"[""ii_portad"", ""ii_se"", ""ii_vlh""]","[""ii_portad_enriched.txt"", ""ii_se_enriched.txt"", ""ii_vlh_enriched.txt""]",hh09dta_b2,yes,having,,
"Which five states have the highest average total household debt (crh04_2) among individuals whose age is above the overall average age across all interviewed individuals, considering only households that reported a debt value?","Which five states have the highest average household total debts plus interests (in pesos) among interviewed individuals who are older than the overall average age, considering only households that reported a positive debt amount, and how many such individuals are in each state?",python_script_for_queries/SQL_TYPE_ALONE/v2/hh09dta_b2/query_000002.py,"[""ii_portad"", ""ii_crh"", ""ii_in""]","[""ii_portad_enriched.txt"", ""ii_crh_enriched.txt"", ""ii_in_enriched.txt""]",hh09dta_b2,yes,scalar_filter,,
Which states have the highest average total household debt (crh04_2) among households that report using plots of land (su01 = 1) and have an adult respondent (edad >= 18)? Return the top 10 states by average debt.,"Among adults (age 18+) living in households that use a plot of land for farming and reported a positive amount of total debt (debts + interests), which 10 states have the highest average household debt in pesos, and how many adult records contribute to each state’s average?",python_script_for_queries/SQL_TYPE_ALONE/v2/hh09dta_b2/query_000003.py,"[""ii_portad"", ""ii_su"", ""ii_crh""]","[""ii_portad_enriched.txt"", ""ii_su_enriched.txt"", ""ii_crh_enriched.txt""]",hh09dta_b2,yes,multi_join,,
"Among states (ent) with at least 2 households that report using a plot of land for farming (su01 = 1), which 5 states have the lowest average perceived safety at home (vlh04)?","Among households that report using a plot/land for farming (su01=1), which five states have the lowest average 'feel safe at home' score (vlh04), considering only states with at least two such households?",python_script_for_queries/SQL_TYPE_ALONE/v2/hh09dta_b2/query_000004.py,"[""ii_portad"", ""ii_su"", ""ii_vlh""]","[""ii_portad_enriched.txt"", ""ii_su_enriched.txt"", ""ii_vlh_enriched.txt""]",hh09dta_b2,yes,having,,
Which Mexican states (ent) have an average household total debts + interests (crh04_2) among households that reported a debt value (crh04_1 = 1) above the overall average across all indebted households?,"Which states have an average household total debt plus interest (in pesos) greater than the overall average across all households with a recorded value, and for each such state, what are the average amount and the number of households, sorted from highest to lowest average?",python_script_for_queries/SQL_TYPE_ALONE/v2/hh09dta_b2/query_000005.py,"[""ii_portad"", ""ii_nna"", ""ii_crh""]","[""ii_portad_enriched.txt"", ""ii_nna_enriched.txt"", ""ii_crh_enriched.txt""]",hh09dta_b2,yes,scalar_filter,,
"Among Oaxaca (ent=20) households that have at least one adult (age 18+) older than the Oaxaca average adult age, and that received any direct income from Other Government Program (in02a10 > 0) in the last 12 months, what is the average perceived home safety score (vlh04) and the average amount received (in02a10) across these households, and how many such households are there?","In the state of Oaxaca, among households that received a positive amount from the “Other Government Program” (in02a10 > 0) and have at least one member aged 18+ who is older than Oaxaca’s average adult age, what are the average ‘feel safe at home’ score (vlh04), the average amount received from that program, and how many such households are there?",python_script_for_queries/SQL_TYPE_ALONE/v2/hh09dta_b2/query_000006.py,"[""ii_portad"", ""ii_in"", ""ii_vlh""]","[""ii_portad_enriched.txt"", ""ii_in_enriched.txt"", ""ii_vlh_enriched.txt""]",hh09dta_b2,yes,multi_join,,
"Among states with at least 10 interviewed individuals living in households where respondents feel unsafe or very unsafe at home (vlh04 in {3,4}), what is the average age of interviewed individuals by state, sorted from highest to lowest?","Among interviewed individuals living in households that report feeling unsafe or very unsafe at home, what is the average age by state, including only states with at least 10 such individuals, ranked from highest to lowest average age?",python_script_for_queries/SQL_TYPE_ALONE/v2/hh09dta_b2/query_000007.py,"[""ii_portad"", ""ii_se"", ""ii_vlh""]","[""ii_portad_enriched.txt"", ""ii_se_enriched.txt"", ""ii_vlh_enriched.txt""]",hh09dta_b2,yes,having,,
Which states have an average total household debt (crh04_2) among motor-vehicle-owning households above the overall average debt across all households that reported a value?,"What are the top 10 states with the highest average total household debt (including interest) among households that own a motor vehicle, considering only households with reported debt values, and where the state average exceeds the overall average across all households?",python_script_for_queries/SQL_TYPE_ALONE/v2/hh09dta_b2/query_000008.py,"[""ii_portad"", ""ii_crh"", ""ii_ah""]","[""ii_portad_enriched.txt"", ""ii_crh_enriched.txt"", ""ii_ah_enriched.txt""]",hh09dta_b2,yes,scalar_filter,,
"Among adults aged 25+ in Oaxaca and Puebla (states 20 and 21), what is the average home safety rating (vlh04) for households with reported total debts + interests of at least 5,000 pesos?","Among households in Oaxaca and Puebla with an interviewee aged 25 or older who reported a numeric total debt (including interest) of at least 5,000 pesos, what are, by state, the average ‘feel safe at home’ score (1=Very safe to 4=Very unsafe), the average total debt amount, and the number of such households, ranked from safest to least safe?",python_script_for_queries/SQL_TYPE_ALONE/v2/hh09dta_b2/query_000009.py,"[""ii_portad"", ""ii_crh"", ""ii_vlh""]","[""ii_portad_enriched.txt"", ""ii_crh_enriched.txt"", ""ii_vlh_enriched.txt""]",hh09dta_b2,yes,multi_join,,
"Among Mexican states (ent) with at least 2 respondent records from households that experienced illness/accident/hospitalization in the last 5 years (se01b=1), what is the average reported value of electronic devices (ah04e_2) per state? Return the top 10 states by this average, along with the respondent_count.","Which 10 states have the highest average reported value of electronic devices among households that experienced a disease, accident, or hospitalization in the last five years, considering only states with at least two such households, and how many households are included per state?",python_script_for_queries/SQL_TYPE_ALONE/v2/hh09dta_b2/query_000010.py,"[""ii_portad"", ""ii_ah"", ""ii_se""]","[""ii_portad_enriched.txt"", ""ii_ah_enriched.txt"", ""ii_se_enriched.txt""]",hh09dta_b2,yes,having,,
"Among households that use a plot/land (su01=1) and reported a positive total debt plus interest (crh04_2 > 0), which states (ent) have the highest average total debt? Return the top 10 states with their average debt and the number of such households, considering only adults (edad >= 18).","Among households that use a plot/land for farming and have a positive amount of total debt including interest, and considering only adults (18+), which 10 states have the highest average household debt in pesos, and how many such households are counted in each state?",python_script_for_queries/SQL_TYPE_ALONE/v2/hh09dta_b2/query_000011.py,"[""ii_portad"", ""ii_su"", ""ii_crh""]","[""ii_portad_enriched.txt"", ""ii_su_enriched.txt"", ""ii_crh_enriched.txt""]",hh09dta_b2,yes,column_provenance,,
"By state, among households that reported a positive value for total debts + interests and that use a plot/land for farming, what are the average household size and average total debt per household?","By state, among households that use a plot/land for sowing/farming/vegetables and report a positive total debt (debts + interest), what are the average total debt and the average household size, and how many such households are there, ranked by average total debt from highest to lowest?",python_script_for_queries/SQL_TYPE_ALONE/v2/hh09dta_b2/query_000012.py,"[""ii_portad"", ""ii_su"", ""ii_crh""]","[""ii_portad_enriched.txt"", ""ii_su_enriched.txt"", ""ii_crh_enriched.txt""]",hh09dta_b2,yes,join_fanout,,
"Which five Mexican states have the highest average age of adult interviewed individuals living in households that both use a plot/land (su01=1) and have window bars facing the street (vlh07b=1)? Return the state code, average age, and the number of adults considered.","Among interviewed adults (age 18+) living in households that have window bars facing the street and use a plot/land for sowing/farming/vegetables, which five states have the highest average age, and how many such adults are in each state?",python_script_for_queries/SQL_TYPE_ALONE/v2/hh09dta_b2/query_000013.py,"[""ii_portad"", ""ii_vlh"", ""ii_su""]","[""ii_portad_enriched.txt"", ""ii_vlh_enriched.txt"", ""ii_su_enriched.txt""]",hh09dta_b2,yes,multi_join,1.0,
"Among adults aged 30–60 in Oaxaca (ent=20), which households whose assets respondent is individual ID 2 and that reported positive income from Other Government Program (in02a10 > 0) have electronic device values (ah04e_2) above the Oaxaca average? List the top 10 by ah04e_2, showing folio, edad, ent, ls_x (from roster) and ls_y (from assets).","Among Oaxaca households with an interviewee aged 30–60 that received a positive amount from the Other Government Program, which are the top 10 households by electronic device value (recorded for individual 2) whose value exceeds the Oaxaca average for this group?",python_script_for_queries/SQL_TYPE_ALONE/v2/hh09dta_b2/query_000014.py,"[""ii_portad"", ""ii_in"", ""ii_ah""]","[""ii_portad_enriched.txt"", ""ii_in_enriched.txt"", ""ii_ah_enriched.txt""]",hh09dta_b2,yes,column_provenance,1.0,
"Among households with at least one individual who produced/sold dairy products in the last 12 months (inr02a=1), by state (ent) report: the number of such households, the mean household average age (average of ages across members within each household), and the number of those households that also own/share a non-ag business (nna01=1). Return the top 10 states by number of such households.","Which top 10 states have the most households where at least one member produced or sold dairy products in the last 12 months, and for each state what are (a) the number of such households, (b) the average household age among them, and (c) how many of those households have at least one member who owns or shares a non-agricultural business?",python_script_for_queries/SQL_TYPE_ALONE/v2/hh09dta_b2/query_000015.py,"[""ii_portad"", ""ii_nna"", ""ii_inr""]","[""ii_portad_enriched.txt"", ""ii_nna_enriched.txt"", ""ii_inr_enriched.txt""]",hh09dta_b2,yes,join_fanout,3.0,
"Which Mexican states have an average direct income from the Other Government Program (in02a10) above 2000 pesos among states with at least 30 qualifying households, considering only households where at least one member owns an electronic device and that reported receiving this program income?","By state, what is the average amount received from the “Other Government Program” among households that reported receiving a positive amount and have at least one member who owns an electronic device, showing only states with at least 30 such households and an average above 2,000 pesos, ordered from highest to lowest?",python_script_for_queries/SQL_TYPE_ALONE/v2/hh09dta_b2/query_000016.py,"[""ii_portad"", ""ii_ah"", ""ii_in""]","[""ii_portad_enriched.txt"", ""ii_ah_enriched.txt"", ""ii_in_enriched.txt""]",hh09dta_b2,yes,having,3.0,
"Among households with at least one adult (edad >= 18), how does the average total debt (crh04_2) differ by land-use status (su01), considering only households whose total debt is at or above the overall mean debt?","For households with at least one adult (age 18+) and a recorded total debt plus interest, among those whose debt is at or above the overall average, what is the average total debt (in pesos) and how many households are there, broken down by whether the household uses a plot/land for sowing/farming/vegetables (Yes vs No)?",python_script_for_queries/SQL_TYPE_ALONE/v2/hh09dta_b2/query_000017.py,"[""ii_portad"", ""ii_su"", ""ii_crh""]","[""ii_portad_enriched.txt"", ""ii_su_enriched.txt"", ""ii_crh_enriched.txt""]",hh09dta_b2,yes,join_fanout,2.0,
"Among adult respondents (age 18+) in the state of Oaxaca, for households that produced/sold eggs in the last 12 months and reported owning/sharing a non-agricultural business, what is the average number of such businesses owned/shared?","Among households in Oaxaca with at least one adult (18+), that produced or sold eggs in the last 12 months and where a household member owns or shares a non-agricultural business, what is the average number of non-agricultural businesses owned or shared in the last 12 months?",python_script_for_queries/SQL_TYPE_ALONE/v2/hh09dta_b2/query_000018.py,"[""ii_portad"", ""ii_nna"", ""ii_inr""]","[""ii_portad_enriched.txt"", ""ii_nna_enriched.txt"", ""ii_inr_enriched.txt""]",hh09dta_b2,yes,multi_join,3.0,
"Among indebted households, what is the average total debts + interests amount (crh04_2) for households in Oaxaca (ent=20) whose respondent feels unsafe at home (vlh04 in {3,4}) and disagrees that their locality is close-knit (vlh01k in {3,4})?","Among households in Oaxaca that reported a positive total debt (including interest), what is the average amount in pesos and how many households meet this condition if they feel unsafe or very unsafe at home and disagree or completely disagree that their locality is close‑knit?",python_script_for_queries/SQL_TYPE_ALONE/v2/hh09dta_b2/query_000019.py,"[""ii_portad"", ""ii_crh"", ""ii_vlh""]","[""ii_portad_enriched.txt"", ""ii_crh_enriched.txt"", ""ii_vlh_enriched.txt""]",hh09dta_b2,yes,column_provenance,1.0,
"Among households that own/share a non-ag business, which state (ent) and household member count have the highest number of households that reported producing/selling eggs in the last 12 months?","Among households that both produced or sold eggs in the last 12 months and own/share a non-agricultural business, which state and household size (number of individuals) has the highest number of households, and how many households is that?",python_script_for_queries/SQL_TYPE_ALONE/v2/hh09dta_b2/query_000020.py,"[""ii_portad"", ""ii_nna"", ""ii_inr""]","[""ii_portad_enriched.txt"", ""ii_nna_enriched.txt"", ""ii_inr_enriched.txt""]",hh09dta_b2,yes,join_fanout,2.0,
"Among Mexican states (ent) with at least 100 surveyed households, how many households reported knowing a family or friend who was robbed in the last 12 months? List states with their total surveyed households and the count of such reports, sorted by that count descending.","Among states with at least 100 surveyed households, how many households per state reported knowing a family or friend who was robbed (house or business) in the last 12 months, and how do the states rank from highest to lowest on that count (also showing total households per state)?",python_script_for_queries/SQL_TYPE_ALONE/v2/hh09dta_b2/query_000021.py,"[""ii_portad"", ""ii_inr"", ""ii_vlh""]","[""ii_portad_enriched.txt"", ""ii_inr_enriched.txt"", ""ii_vlh_enriched.txt""]",hh09dta_b2,yes,having,1.0,
"Which households that both own a non-ag business and use farmland received direct income from Other Government Program (in02a10) above the average among such households? Return household ID and amount, sorted descending.","Among households where at least one member owns or shares a non‑agricultural business and the household uses a plot of land for farming, which household IDs received a positive direct payment from “Other Government Program” above the average for such households, and how much did each receive (sorted highest to lowest)?",python_script_for_queries/SQL_TYPE_ALONE/v2/hh09dta_b2/query_000022.py,"[""ii_portad"", ""ii_in"", ""ii_nna"", ""ii_su"", ""ii_ah""]","[""ii_portad_enriched.txt"", ""ii_in_enriched.txt"", ""ii_nna_enriched.txt"", ""ii_su_enriched.txt"", ""ii_ah_enriched.txt""]",hh09dta_b2,yes,scalar_filter,3.0,
"Among interviewed individuals in Oaxaca (ent=20), which 10 oldest individuals live in households that produced/sold meat in the last 12 months and received an amount from Other Government Program (in02a10) above the Oaxaca-wide average for such households?","Among individuals in Oaxaca living in households that produced or sold meat in the last 12 months, which are the top 10 oldest individuals (at least as old as the mean age for such households) whose households received an above-average amount from Other Government Program (in02a10), and what are their household ID (folio), individual ID (ls), age, and amount received?",python_script_for_queries/SQL_TYPE_ALONE/v2/hh09dta_b2/query_000023.py,"[""ii_portad"", ""ii_inr"", ""ii_in"", ""ii_su""]","[""ii_portad_enriched.txt"", ""ii_inr_enriched.txt"", ""ii_in_enriched.txt"", ""ii_su_enriched.txt""]",hh09dta_b2,yes,multi_join,3.0,
"Among individuals aged 30–50 living in households that received income from an Other Government Program, which states (ent) have an average reported value of wash machine/stove assets (ah04f_2) above the overall state average? Return states and their averages sorted descending.","Among households that reported participating and receiving income from an Other Government Program in the last 12 months, and considering only interviewed individuals aged 30–50 with Individual ID 01 or 02, which states have an average reported value of washing machine/stove (ah04f_2) above the overall mean across states, and what are those averages (sorted highest to lowest)?",python_script_for_queries/SQL_TYPE_ALONE/v2/hh09dta_b2/query_000024.py,"[""ii_portad"", ""ii_in"", ""ii_ah"", ""ii_su""]","[""ii_portad_enriched.txt"", ""ii_in_enriched.txt"", ""ii_ah_enriched.txt"", ""ii_su_enriched.txt""]",hh09dta_b2,yes,column_provenance,3.0,
"Among households in Oaxaca (ent = 20), what is the average expense on agricultural workers (su237) for households whose worker expense is above the Oaxaca average, broken down by the number of non-ag businesses owned/shared (nna02_total) and whether they know a family/friend robbed in the last 5 years (vlh08a)?","Among households in Oaxaca, considering only those whose agricultural worker expenses are above the state average, what is the average worker expense and how many households are there by the household’s total number of non‑agricultural businesses owned/shared in the last 12 months and by whether they know a family or friend who has been robbed in the last five years?",python_script_for_queries/SQL_TYPE_ALONE/v2/hh09dta_b2/query_000025.py,"[""ii_portad"", ""ii_nna"", ""ii_su"", ""ii_vlh""]","[""ii_portad_enriched.txt"", ""ii_nna_enriched.txt"", ""ii_su_enriched.txt"", ""ii_vlh_enriched.txt""]",hh09dta_b2,yes,join_fanout,3.0,
"Which states (by ent code) have an average household spending on seeds (su234) among households that use land (su01 = 1) that is greater than 1,000 pesos and at least as high as the national average among such households?","Among households that use a plot/land for sowing or farming, which states have an average household expense on seeds greater than 1,000 and at least as high as the overall average across all such households, and how do those states rank by that average expense (highest to lowest)?",python_script_for_queries/SQL_TYPE_ALONE/v2/hh09dta_b2/query_000026.py,"[""ii_portad"", ""ii_crh"", ""ii_su""]","[""ii_portad_enriched.txt"", ""ii_crh_enriched.txt"", ""ii_su_enriched.txt""]",hh09dta_b2,yes,having,2.0,
Which states have the highest number of adults (age 18+) living in households whose total debts plus interests (crh04_2) exceed the national average of total debts among households with reported values?,Which are the top 10 states with the highest number of adults (age 18+) living in households whose total debts including interest are above the overall average across households with reported debt values?,python_script_for_queries/SQL_TYPE_ALONE/v2/hh09dta_b2/query_000027.py,"[""ii_portad"", ""ii_se"", ""ii_crh"", ""ii_ah"", ""ii_vlh""]","[""ii_portad_enriched.txt"", ""ii_se_enriched.txt"", ""ii_crh_enriched.txt"", ""ii_ah_enriched.txt"", ""ii_vlh_enriched.txt""]",hh09dta_b2,yes,scalar_filter,1.0,
"By state, among individuals older than the sample's average age, what is the average household seed expenditure (su234) for those living in households that used land for agriculture (su01=1), reported a total crop loss in the last 5 years (se01e=1), and also own a non-agricultural business?","By state, among adults (18+) whose age is above the overall average, living in households that use land for farming, that experienced total crop loss in the last five years, and that have a non-agricultural business, how many such individuals are there and what is the average household expense on seeds?",python_script_for_queries/SQL_TYPE_ALONE/v2/hh09dta_b2/query_000028.py,"[""ii_portad"", ""ii_su"", ""ii_se"", ""ii_nna""]","[""ii_portad_enriched.txt"", ""ii_su_enriched.txt"", ""ii_se_enriched.txt"", ""ii_nna_enriched.txt""]",hh09dta_b2,yes,multi_join,2.0,
"Among households that both received Other Government Program support and Liconsa milk, and that feel unsafe at home, what is the average age of interviewed individuals by state for households with above-average victimizations since 2005?","By state, what is the average age and the number of adults (18+) living in households that feel unsafe or very unsafe at home, received Liconsa milk in the last 12 months, received a positive amount from an Other Government Program, and have a total number of household/business/parcel break-ins since 2005 above the overall average, ranked by highest average age?",python_script_for_queries/SQL_TYPE_ALONE/v2/hh09dta_b2/query_000029.py,"[""ii_portad"", ""ii_in"", ""ii_vlh"", ""ii_se""]","[""ii_portad_enriched.txt"", ""ii_in_enriched.txt"", ""ii_vlh_enriched.txt"", ""ii_se_enriched.txt""]",hh09dta_b2,yes,column_provenance,2.0,
"Among households that use agricultural land (su01=1) and have experienced at least one break-in/robbery since 2005 (vlh18a > 0), what is the average reported value of electronic devices per household by state (ent), considering only households whose device value exceeds the overall mean among these eligible households?","Rank states by the average value of electronic devices among households that use land for farming and have had at least one robbery (house, business, or parcel) since 2005, considering only households whose electronics value is above the overall mean; include the number of households per state.",python_script_for_queries/SQL_TYPE_ALONE/v2/hh09dta_b2/query_000030.py,"[""ii_portad"", ""ii_su"", ""ii_vlh"", ""ii_ah""]","[""ii_portad_enriched.txt"", ""ii_su_enriched.txt"", ""ii_vlh_enriched.txt"", ""ii_ah_enriched.txt""]",hh09dta_b2,yes,join_fanout,1.0,
"Which Mexican states (ent) have at least 100 households that experienced any robbery/burglary since 2005 (vlh18a > 0), and among those, which states have total incidents since 2005 above the overall state average?","Which Mexican states have at least 100 households that experienced one or more break-ins/robberies of a house, business, or parcel since 2005, and whose total number of such incidents exceeds the average across states with any incidents, ranked by total incidents from highest to lowest?",python_script_for_queries/SQL_TYPE_ALONE/v2/hh09dta_b2/query_000031.py,"[""ii_portad"", ""ii_crh"", ""ii_vlh"", ""ii_inr"", ""ii_in""]","[""ii_portad_enriched.txt"", ""ii_crh_enriched.txt"", ""ii_vlh_enriched.txt"", ""ii_inr_enriched.txt"", ""ii_in_enriched.txt""]",hh09dta_b2,yes,having,2.0,
"Which households in Oaxaca (ent = 20 in ii_portad) have total debts plus interests (crh04_2 in ii_crh, considering only rows where crh04_1 = 1 meaning a numeric value was reported) above the average total debts plus interests among Oaxaca households that feel unsafe at home (vlh04 ∈ {3,4} in ii_vlh)? Return their folio and crh04_2, sorted descending. Note that the comparison average is computed only among the unsafe Oaxaca households, but the selection considers all Oaxaca households with a reported debt value.","Which households in Oaxaca have a reported total debts plus interest (in pesos) greater than the average among Oaxaca households who feel unsafe or very unsafe at home, and what are their amounts, ordered from highest to lowest?",python_script_for_queries/SQL_TYPE_ALONE/v2/hh09dta_b2/query_000032.py,"[""ii_portad"", ""ii_crh"", ""ii_vlh""]","[""ii_portad_enriched.txt"", ""ii_crh_enriched.txt"", ""ii_vlh_enriched.txt""]",hh09dta_b2,yes,scalar_filter,3.0,
"Among households in Oaxaca (ent = 20) that have at least one adult respondent (edad >= 18) and reported a household member’s death in the last five years (se01a = 1), compare the average number of times since 2005 that the household was entered/robbed (vlh18a) between households where at least one member personally owns an electronic device (any ah03e = 1 in the household) versus households where no member does (all ah03e = 3). Which ownership status has an average at least as high as the overall mean within this Oaxaca, adult-respondent, death-affected subset?","Among households in Oaxaca that have at least one adult and experienced a household member’s death in the last five years, which group—households where any member owns an electronic device versus none—has an average number of times their house, business, or parcel was entered/robbed since 2005 at or above the overall average, and how many households are in each such group?",python_script_for_queries/SQL_TYPE_ALONE/v2/hh09dta_b2/query_000033.py,"[""ii_portad"", ""ii_vlh"", ""ii_se"", ""ii_su"", ""ii_ah""]","[""ii_portad_enriched.txt"", ""ii_vlh_enriched.txt"", ""ii_se_enriched.txt"", ""ii_su_enriched.txt"", ""ii_ah_enriched.txt""]",hh09dta_b2,yes,multi_join,1.0,
"Among households that reported receiving Liconsa Milk in the last 12 months (in03a=1) and indicated participation with income in Other Government Program (in01a10_1=1) but explicitly did not receive Pronjag (in03b=3, not just missing), and that own/share a non-agricultural business (nna01=1), restrict to those whose direct amount from Other Government Program (in02a10) is strictly above the nationwide average among these qualifying households. For each state (ent), how many such households are there, and how many of them paid any positive amount toward debts in the last 12 months (crh03_1=1 and crh03_2>0)?","By state, how many households that own/share a non‑agricultural business, received Liconsa milk in the last 12 months, did not receive Pronjag, and participated in and received income from the Other Government Program—with a directly received amount from that program above the overall average among such households—are there in total, and how many of these households paid any money on debts/loans in the last 12 months?",python_script_for_queries/SQL_TYPE_ALONE/v2/hh09dta_b2/query_000034.py,"[""ii_portad"", ""ii_in"", ""ii_crh"", ""ii_nna""]","[""ii_portad_enriched.txt"", ""ii_in_enriched.txt"", ""ii_crh_enriched.txt"", ""ii_nna_enriched.txt""]",hh09dta_b2,yes,column_provenance,1.0,
"Among Oaxaca households (state ent=20) that reported receiving a positive direct amount from the 'Other Government Program' in the last 12 months (in02a10 > 0), which households have total debts plus interests (crh04_2) above the Oaxaca-wide average computed across all Oaxaca households that reported a valid total-debt value (crh04_1=1)? List the household ID (folio), their total debts, and the direct amount received.","Which households in Oaxaca that received a positive amount directly from the Other Government Program have total debts plus interest above the Oaxaca average, and what are their household IDs, debt amounts, and received amounts, sorted from highest to lowest debt?",python_script_for_queries/SQL_TYPE_ALONE/v2/hh09dta_b2/query_000035.py,"[""ii_portad"", ""ii_crh"", ""ii_in""]","[""ii_portad_enriched.txt"", ""ii_crh_enriched.txt"", ""ii_in_enriched.txt""]",hh09dta_b2,yes,join_fanout,3.0,
"Among states with at least 20 distinct households that own a motor vehicle (ah03d=1, deduplicated by household folio, not by individual rows), which states have an above-mean (computed across those eligible states) number of distinct households that both own a motor vehicle and use a plot for farming (su01=1)? Return the state code (ent) and the count of such households.","Among states with at least 20 households that own a motor vehicle, which states have an above-average number of households that also use a plot of land for farming or vegetable growing?",python_script_for_queries/SQL_TYPE_ALONE/v2/hh09dta_b2/query_000036.py,"[""ii_portad"", ""ii_su"", ""ii_ah""]","[""ii_portad_enriched.txt"", ""ii_su_enriched.txt"", ""ii_ah_enriched.txt""]",hh09dta_b2,yes,having,3.0,
"Among households that explicitly reported zero times being robbed or forcibly entered since 2005 (vlh18a = 0) and who nevertheless reported knowing a family/friend robbed in the last 12 months (vlh10a = 1), which interviewed individuals are older than the average age of interviewed individuals within that zero-robbery subgroup? Return folio, state (ent), age (edad), and vlh18a.","Which individuals are older than the overall average age among people in households with zero break-ins of their house, business, or parcel since 2005 and who report knowing a family/friend robbed in the last 12 months, listing their household ID (folio), state (ent), age (edad), and the zero-incident count (vlh18a), sorted from oldest to youngest?",python_script_for_queries/SQL_TYPE_ALONE/v2/hh09dta_b2/query_000037.py,"[""ii_portad"", ""ii_inr"", ""ii_crh"", ""ii_vlh""]","[""ii_portad_enriched.txt"", ""ii_inr_enriched.txt"", ""ii_crh_enriched.txt"", ""ii_vlh_enriched.txt""]",hh09dta_b2,yes,scalar_filter,1.0,
"Among households in Oaxaca (ent = 20) that reported feeling unsafe at home (vlh04 = 3 or 4), how many such households have at least one interviewed adult (edad ≥ 18) who personally owns a motor vehicle (ah03d = 1), and how many unsafe households are there in total? Count households, not individuals, and only include households that answered the safety question.","In the state of Oaxaca, how many households report feeling unsafe or very unsafe at home, and among those, how many have at least one adult household member and at least one member who owns a motor vehicle?",python_script_for_queries/SQL_TYPE_ALONE/v2/hh09dta_b2/query_000038_repaired_v1.py,"[""ii_portad"", ""ii_ah"", ""ii_vlh""]","[""ii_portad_enriched.txt"", ""ii_ah_enriched.txt"", ""ii_vlh_enriched.txt""]",hh09dta_b2,yes,multi_join,3.0,
"Among Oaxaca households (ent = 20) where at least one member reported producing or selling dairy products in the last 12 months (inr02a = 1), what is the average age of the household member with individual ID 1 (i.e., ls = '01' in ii_portad and ls = 1 in ii_inr)?","Among households in Oaxaca that reported producing or selling dairy products in the last 12 months, what is the overall average age of the household member with Individual ID '01'?",python_script_for_queries/SQL_TYPE_ALONE/v2/hh09dta_b2/query_000039.py,"[""ii_portad"", ""ii_crh"", ""ii_inr"", ""ii_su""]","[""ii_portad_enriched.txt"", ""ii_crh_enriched.txt"", ""ii_inr_enriched.txt"", ""ii_su_enriched.txt""]",hh09dta_b2,yes,column_provenance,1.0,
"Among Oaxaca households (ent = 20) that answered the safety-at-home question (vlh04) and that have at least one interviewed member aged 18 or older, what is the average number of adults (aged 18+) per household, broken out by the exact vlh04 response category (1 very safe, 2 safe, 3 unsafe, 4 very unsafe)? Count each household once (not once per person), and exclude households with no recorded adult rather than treating them as zero.","In Oaxaca (state code 20), among households with a valid answer to 'Feel safe at home?', what is the average number of adults (age 18+) per household for each response category (very safe, safe, unsafe, very unsafe)?",python_script_for_queries/SQL_TYPE_ALONE/v2/hh09dta_b2/query_000040.py,"[""ii_portad"", ""ii_vlh"", ""ii_su""]","[""ii_portad_enriched.txt"", ""ii_vlh_enriched.txt"", ""ii_su_enriched.txt""]",hh09dta_b2,yes,join_fanout,2.0,
"Among households where at least one member reports owning a domestic appliance (ah03g=1), which states (ent) — limited to states represented by at least 25 such households — have more households that explicitly answered 'No (since 2005)' to the forced-entry robbery at home question (vlh12a_c=3) than households that answered 'Yes, into the current dwelling' (vlh12a_a=1)? Return the qualifying states with the household counts used.","Which states have at least 25 households with at least one member owning a domestic appliance, where the number of households reporting no forced home entry since 2005 exceeds the number reporting a forced entry into their current dwelling since 2005, and what are the counts of total such households, ‘no since 2005’, and ‘yes to current dwelling since 2005’ for each state?",python_script_for_queries/SQL_TYPE_ALONE/v2/hh09dta_b2/query_000041_repaired_v1.py,"[""ii_portad"", ""ii_vlh"", ""ii_su"", ""ii_ah""]","[""ii_portad_enriched.txt"", ""ii_vlh_enriched.txt"", ""ii_su_enriched.txt"", ""ii_ah_enriched.txt""]",hh09dta_b2,yes,having,3.0,
"Among Oaxaca households (ent=20) that have at least one reported domestic appliance value, which business-owning households (nna01=1) have a household-level maximum domestic appliance value (across members) strictly above the average of that same household-level maximum among Oaxaca households without a non‑ag business (nna01=2)? Return the Household ID and the household-level maximum value.","Which Oaxaca (state code 20) households that own/share a non-agricultural business have a highest-valued domestic appliance worth more than the average highest-valued domestic appliance among Oaxaca households without a non-agricultural business, and what are those values sorted from highest to lowest?",python_script_for_queries/SQL_TYPE_ALONE/v2/hh09dta_b2/query_000042.py,"[""ii_portad"", ""ii_ah"", ""ii_nna""]","[""ii_portad_enriched.txt"", ""ii_ah_enriched.txt"", ""ii_nna_enriched.txt""]",hh09dta_b2,yes,scalar_filter,2.0,
"Among interviewed adults aged 18 or older whose households explicitly answered ""No"" to having had a forced entry into their dwelling since 2005 (vlh12a_c = 3), which states (ent) have an above-average number of such adults living in households where at least one member owns a motor car (ah03d1 = 1)? Return the state code and the count, sorted descending.","Which states have an above-average number of adults (age 18+) living in households that have not had a forced-entry robbery since 2005 and where at least one household member owns a motor car, and how many such adults are in each state (ranked highest to lowest)?",python_script_for_queries/SQL_TYPE_ALONE/v2/hh09dta_b2/query_000043.py,"[""ii_portad"", ""ii_vlh"", ""ii_ah""]","[""ii_portad_enriched.txt"", ""ii_vlh_enriched.txt"", ""ii_ah_enriched.txt""]",hh09dta_b2,yes,multi_join,2.0,
"Among households that reported at least one death in the last five years (se01a=1 in ii_se), how many distinct households have both at least one member aged 65 or older and at least one member younger than 18, based on ii_portad?",How many households reported a household member died in the last five years and also include at least one person aged 65 or older and at least one person under 18?,python_script_for_queries/SQL_TYPE_ALONE/v2/hh09dta_b2/query_000044.py,"[""ii_portad"", ""ii_se"", ""ii_in"", ""ii_su""]","[""ii_portad_enriched.txt"", ""ii_se_enriched.txt"", ""ii_in_enriched.txt"", ""ii_su_enriched.txt""]",hh09dta_b2,yes,column_provenance,2.0,
"Among households where the household reported a death in the last 5 years (se01a = 1), and whose total reported value of wash machine/stove (ah04f_2) summed across all household members is strictly above the overall household mean of that total, how many households have at least one member aged 60 or older? Be careful to count households (not individuals) and to aggregate per household before combining person-level tables to avoid double counting.","How many households have at least one member aged 60 or older, reported a household member’s death in the last five years, and have a total value of washing machine/stove assets above the overall household average?",python_script_for_queries/SQL_TYPE_ALONE/v2/hh09dta_b2/query_000045.py,"[""ii_portad"", ""ii_se"", ""ii_ah"", ""ii_nna""]","[""ii_portad_enriched.txt"", ""ii_se_enriched.txt"", ""ii_ah_enriched.txt"", ""ii_nna_enriched.txt""]",hh09dta_b2,yes,join_fanout,2.0,
"Which states (ent code) have at least 30 distinct households that directly received a positive amount from the Other Government Program (in02a10 > 0), and, among those recipient households, whose mean total times entered/robbed since 2005 (vlh18a) is strictly above the national mean computed over the same recipient-household subset? Return the state code, the number of recipient households, and the mean since-2005 robbery count.","Which states have an average number of household robberies since 2005 (total times homes, businesses, or parcels were robbed) that is higher than the overall average among households that received a positive amount directly from the Other Government Program, considering only states with at least 30 such households, and what are each state’s household count and average?",python_script_for_queries/SQL_TYPE_ALONE/v2/hh09dta_b2/query_000046.py,"[""ii_portad"", ""ii_nna"", ""ii_in"", ""ii_vlh""]","[""ii_portad_enriched.txt"", ""ii_nna_enriched.txt"", ""ii_in_enriched.txt"", ""ii_vlh_enriched.txt""]",hh09dta_b2,yes,having,2.0,
"Among households with at least one member who owns financial assets (ah03h = 1), which households have a total number of forced entries/robberies since 2005 (vlh18a) strictly greater than the average vlh18a among households that do not own/share a non‑agricultural business (nna01 = 2)? Return the household ID (folio) and vlh18a.","Which households have at least one member who owns financial assets/afores and whose total number of times their house, business, or parcel has been entered/robbed since 2005 is greater than the average for households that do not own or share a non-agricultural business (return Household ID and that total)?",python_script_for_queries/SQL_TYPE_ALONE/v2/hh09dta_b2/query_000047.py,"[""ii_portad"", ""ii_vlh"", ""ii_nna"", ""ii_ah"", ""ii_inr""]","[""ii_portad_enriched.txt"", ""ii_vlh_enriched.txt"", ""ii_nna_enriched.txt"", ""ii_ah_enriched.txt"", ""ii_inr_enriched.txt""]",hh09dta_b2,yes,scalar_filter,2.0,
"For each state (ent), among households that both own poultry (ah03m = 1 in ii_ah) and have at least one interviewed adult aged 18 or older (from ii_portad), how many of these households explicitly reported selling dairy products in the last 12 months (inr02a = 1 in ii_inr), and how many such households are there in total per state? Count distinct households (folio), and treat selling as an explicit Yes (1)—households with missing ii_inr data should not be counted as selling.","For each state, how many households with at least one member aged 18 or older own poultry, and among those, how many had any member produce or sell dairy products in the last 12 months?",python_script_for_queries/SQL_TYPE_ALONE/v2/hh09dta_b2/query_000048.py,"[""ii_portad"", ""ii_inr"", ""ii_ah""]","[""ii_portad_enriched.txt"", ""ii_inr_enriched.txt"", ""ii_ah_enriched.txt""]",hh09dta_b2,yes,multi_join,3.0,
"By state, how many households meet all of the following: (a) the interviewed person is younger than 30 and there exists at least one other interviewed person in the same state who is at least 50 (comparison across different interviewed persons, not the same record), (b) the household explicitly reported zero total times entered/robbed since 2005 (vlh18a = 0, as opposed to missing), and (c) the household owns or shares a non‑agricultural business (nna01 = 1)? Return states sorted by this count in descending order.","By state, how many households that have at least one member younger than 30, own or share a non-agricultural business, and report zero robbery/break-in incidents since 2005, ranked from highest to lowest?",python_script_for_queries/SQL_TYPE_ALONE/v2/hh09dta_b2/query_000049_repaired_v1.py,"[""ii_portad"", ""ii_crh"", ""ii_in"", ""ii_vlh"", ""ii_nna""]","[""ii_portad_enriched.txt"", ""ii_crh_enriched.txt"", ""ii_in_enriched.txt"", ""ii_vlh_enriched.txt"", ""ii_nna_enriched.txt""]",hh09dta_b2,yes,column_provenance,1.0,
"Among households that (a) reported a disease/accident/hospitalization of a household member in the last five years (se01b = 1) and (b) reported receiving income from an Other Government Program in the last 12 months (in01a10_1 = 1 and in02a10 > 0), what is the average amount received (in02a10) by state (ent), considering only those households whose number of adults (people with edad >= 18, computed from ii_portad) is strictly above the average adult count calculated only among households that received Liconsa milk (in03a = 1)? Return one row per state.","By state, what is the average amount received directly from the Other Government Program among households that received that program with a positive amount, experienced a household illness/accident/hospitalization in the last five years, and have more adults (age 18+) than the average among households that received Liconsa milk in the last 12 months, ranked from highest to lowest?",python_script_for_queries/SQL_TYPE_ALONE/v2/hh09dta_b2/query_000050.py,"[""ii_portad"", ""ii_in"", ""ii_se""]","[""ii_portad_enriched.txt"", ""ii_in_enriched.txt"", ""ii_se_enriched.txt""]",hh09dta_b2,yes,join_fanout,2.0,
"Among states represented by at least 30 households that both (a) report feeling unsafe or very unsafe at home and (b) have no record of owning/sharing a non‑agricultural business (i.e., exclude only households with an explicit Yes in nna01, keeping No or missing), which states have a count of such households greater than or equal to the average count across those qualifying states? Return the state code (ent) and the count.","Which states have at least 30 households that feel unsafe or very unsafe at home and do not report owning or sharing a non‑agricultural business, and among those states, which have counts at or above the average across the qualifying states? List each state with its household count, sorted from highest to lowest.",python_script_for_queries/SQL_TYPE_ALONE/v2/hh09dta_b2/query_000051.py,"[""ii_portad"", ""ii_su"", ""ii_nna"", ""ii_vlh""]","[""ii_portad_enriched.txt"", ""ii_su_enriched.txt"", ""ii_nna_enriched.txt"", ""ii_vlh_enriched.txt""]",hh09dta_b2,yes,having,3.0,
"Among households that used any plot/land for cultivation, which households spent on seeds (su234) strictly more than the average seed expenditure computed only among land-using households that explicitly reported no total crop loss in the last five years? Return Household ID and seed expenditure, sorted descending.","Which households (by Household ID) that use land for farming have an expense in seeds greater than the average seed expense among land-using households that did not lose their total crop in the last five years, and what are those expenses, sorted from highest to lowest?",python_script_for_queries/SQL_TYPE_ALONE/v2/hh09dta_b2/query_000052.py,"[""ii_portad"", ""ii_se"", ""ii_nna"", ""ii_su"", ""ii_inr""]","[""ii_portad_enriched.txt"", ""ii_se_enriched.txt"", ""ii_nna_enriched.txt"", ""ii_su_enriched.txt"", ""ii_inr_enriched.txt""]",hh09dta_b2,yes,scalar_filter,1.0,
"Among households with at least one interviewed member living in Oaxaca (ent=20) or Puebla (ent=21) who feel unsafe or very unsafe at home (vlh04 in {3,4}), that explicitly answered whether they own/share a non-agricultural business (nna01 in {1,2}), and that do not use any plot/land for farming (su01=3), which of these two states has a lower count of distinct households that do own/share such a business (nna01=1) than the nationwide average per-state count under the same criteria? Return the state code (ent) and the count.","Among Oaxaca and Puebla, which states have a below-average (across all states) number of households that feel unsafe or very unsafe at home, have a household member who owns/shares a non-agricultural business, and do not use a plot/land for sowing/farming, and what are those counts?",python_script_for_queries/SQL_TYPE_ALONE/v2/hh09dta_b2/query_000053_repaired_v1.py,"[""ii_portad"", ""ii_nna"", ""ii_vlh"", ""ii_su""]","[""ii_portad_enriched.txt"", ""ii_nna_enriched.txt"", ""ii_vlh_enriched.txt"", ""ii_su_enriched.txt""]",hh09dta_b2,yes,multi_join,3.0,
"How many adult individuals (edad >= 18) in Oaxaca (ent = 20) live in households that (i) reported at least one illness/accident/hospitalization in the last 5 years (se01b = 1), (ii) have a recorded total debt (crh04_1 = 1 and crh04_2 known) strictly greater than the average total debt among indebted Oaxaca households, (iii) own or share a non-agricultural business (nna01 = 1), and (iv) own an electronic device (ah03e = 1)? Count individuals, not households.","How many adults (age 18+) in Oaxaca live in households that experienced a disease/accident/hospitalization event in the last five years, have at least one member who owns an electronic device, have at least one member who owns or shares a non-agricultural business, and whose total household debt (including interest) exceeds the average among indebted households in Oaxaca?",python_script_for_queries/SQL_TYPE_ALONE/v2/hh09dta_b2/query_000054.py,"[""ii_portad"", ""ii_se"", ""ii_ah"", ""ii_nna"", ""ii_crh""]","[""ii_portad_enriched.txt"", ""ii_se_enriched.txt"", ""ii_ah_enriched.txt"", ""ii_nna_enriched.txt"", ""ii_crh_enriched.txt""]",hh09dta_b2,yes,column_provenance,2.0,
"Among households with an interviewed respondent aged 18+ that both (a) own/share at least one non‑ag business (nna01=1) and (b) explicitly reported having no debts in the last 12 months (crh02_1=2), which states have an average reported value of wash machine/stove (ah04f_2, only where a value was reported) above the national average for that same subset? Return the state code and the average value. Note: households must explicitly report no debts (crh02_1=2); missing debt data does not count as no debts.","Which states have an average total household value of washing machine/stove assets above the national average among households with at least one adult (18+), that own/share a non-agricultural business, did not incur debts in the last 12 months, and reported a value for these assets, ranked from highest to lowest?",python_script_for_queries/SQL_TYPE_ALONE/v2/hh09dta_b2/query_000055.py,"[""ii_portad"", ""ii_crh"", ""ii_nna"", ""ii_ah""]","[""ii_portad_enriched.txt"", ""ii_crh_enriched.txt"", ""ii_nna_enriched.txt"", ""ii_ah_enriched.txt""]",hh09dta_b2,yes,join_fanout,2.0,
"Among states with at least 50 households that both (a) reported using a plot/land for sowing/farming (su01 = 1) and (b) reported receiving a positive amount directly from Other Government Program in the last 12 months (in02a10 > 0), which states have more such households than the average across those qualifying states? Return the state code (ent) and the count of households.","Among Mexican states, which ones have an above-average number of households that both use a plot/land for farming and received a positive amount directly from Other Government Program, considering only states with at least 50 such households, and how many such households does each have (sorted from highest to lowest)?",python_script_for_queries/SQL_TYPE_ALONE/v2/hh09dta_b2/query_000056.py,"[""ii_portad"", ""ii_su"", ""ii_in"", ""ii_nna""]","[""ii_portad_enriched.txt"", ""ii_su_enriched.txt"", ""ii_in_enriched.txt"", ""ii_nna_enriched.txt""]",hh09dta_b2,yes,having,3.0,
"Among households that report using land for farming (su01 = 1), which households that also own a motor vehicle (ah03d = 1, considering any member’s report at the household level) have a recorded positive seed expense (su234 > 0) that is strictly below the average seed expense among all farming households with a recorded positive seed expense?","Among households that use land for farming and own a motor vehicle, which Household IDs have positive seed expenses that are below the overall average seed expense among all farming households with positive seed expenses, and what are those seed expense amounts?",python_script_for_queries/SQL_TYPE_ALONE/v2/hh09dta_b2/query_000057.py,"[""ii_portad"", ""ii_inr"", ""ii_ah"", ""ii_su"", ""ii_se""]","[""ii_portad_enriched.txt"", ""ii_inr_enriched.txt"", ""ii_ah_enriched.txt"", ""ii_su_enriched.txt"", ""ii_se_enriched.txt""]",hh09dta_b2,yes,scalar_filter,3.0,
"Among households located in Oaxaca (ent=20) that experienced at least one illness/accident/hospitalization of a household member in the last five years (se01b=1), considering only households with a recorded value for total debts + interests (crh04_1=1), how many households have a total debts + interests amount (crh04_2) strictly above the average of crh04_2 within that same Oaxaca-and-illness subset?",How many households in Oaxaca that reported a disease/accident/hospitalization event in the last five years have a recorded peso value for total debts plus interests that is above the average among those households?,python_script_for_queries/SQL_TYPE_ALONE/v2/hh09dta_b2/query_000058.py,"[""ii_portad"", ""ii_nna"", ""ii_crh"", ""ii_se""]","[""ii_portad_enriched.txt"", ""ii_nna_enriched.txt"", ""ii_crh_enriched.txt"", ""ii_se_enriched.txt""]",hh09dta_b2,yes,multi_join,2.0,
"Among households in Oaxaca (ent = 20) where at least one member personally reports producing/selling eggs in the last 12 months (inr02d = 1) and the household owns poultry (exists any ah03m = 1 among its members), how many such households have their oldest interviewed member’s age at least as high as the nationwide average of the oldest interviewed member’s age computed across all households (any state) with at least one egg-producing member? Note: the average benchmark must be computed over all egg-producing households nationwide, not just Oaxaca.",How many households in Oaxaca that reported producing or selling eggs in the last 12 months and have at least one member who owns poultry have a household maximum interviewed age greater than or equal to the overall average of household maximum interviewed ages across all egg-selling households?,python_script_for_queries/SQL_TYPE_ALONE/v2/hh09dta_b2/query_000059.py,"[""ii_portad"", ""ii_nna"", ""ii_ah"", ""ii_su"", ""ii_inr""]","[""ii_portad_enriched.txt"", ""ii_nna_enriched.txt"", ""ii_ah_enriched.txt"", ""ii_su_enriched.txt"", ""ii_inr_enriched.txt""]",hh09dta_b2,yes,column_provenance,3.0,
"Among Oaxaca households (ent=20) that own/share a non-ag business (nna01=1) and have at least one adult aged 18+, what is the average number of adults per household, split by whether at least one member reported owning a domestic appliance (ah03g=1) versus none (ah03g=3)?","Among households in Oaxaca that own or share a non‑agricultural business, what is the average number of adults (age 18+) per household and how many households are there, grouped by whether at least one member owns a domestic appliance (yes vs. no)?",python_script_for_queries/SQL_TYPE_ALONE/v2/hh09dta_b2/query_000060.py,"[""ii_portad"", ""ii_nna"", ""ii_ah""]","[""ii_portad_enriched.txt"", ""ii_nna_enriched.txt"", ""ii_ah_enriched.txt""]",hh09dta_b2,yes,join_fanout,1.0,
"Which states (ent) have at least 40 distinct households that both used a plot/land for sowing/farming/vegetables (su01=1) and explicitly answered 'No' to producing/selling honey during the last 12 months (inr02i=3), and, among interviewed individuals from those households, the average age is strictly below the overall average age across all interviewed individuals?","Which states have at least 40 households that use a plot/land for farming/vegetables and did not produce or sell honey in the last 12 months, and for those states, what are the number of such households and the average age of interviewed individuals, limited to states where this average is below the overall average age across all respondents, ordered from lowest to highest average age?",python_script_for_queries/SQL_TYPE_ALONE/v2/hh09dta_b2/query_000061.py,"[""ii_portad"", ""ii_su"", ""ii_inr""]","[""ii_portad_enriched.txt"", ""ii_su_enriched.txt"", ""ii_inr_enriched.txt""]",hh09dta_b2,yes,having,1.0,
"Among households that use a plot of land for cultivation (su01 = 1) and where at least one member reported owning a motor vehicle (ah03d = 1), which households have a recorded positive seed expense (su234 > 0) that is strictly above the average seed expense computed only among land-using households with positive seed expense (regardless of vehicle ownership)? Return Household ID (folio) and seed expense, sorted by expense descending.","Among households that use land for farming and own a motor vehicle, which households have seed expenses (su234) greater than the average seed expense across all farming households with positive seed expenses? List their Household ID (folio) and seed expense, ordered from highest to lowest.",python_script_for_queries/SQL_TYPE_ALONE/v2/hh09dta_b2/query_000062.py,"[""ii_portad"", ""ii_inr"", ""ii_su"", ""ii_nna"", ""ii_ah""]","[""ii_portad_enriched.txt"", ""ii_inr_enriched.txt"", ""ii_su_enriched.txt"", ""ii_nna_enriched.txt"", ""ii_ah_enriched.txt""]",hh09dta_b2,yes,scalar_filter,3.0,
"Among adults (age >= 18) interviewed in Oaxaca (ent = 20) who live in households that explicitly reported owning/sharing a non-agricultural business (nna01 = 1), and restricting to those whose age is above the average age within this Oaxaca business-owning adult group, how many such individuals live in households that received a strictly positive direct amount from an Other Government Program in the last 12 months (in02a10 > 0)? Count individuals (rows), not distinct households; treat only strictly positive amounts as a receipt (missing or zero do not count).",How many adults (18+) in Oaxaca living in households that own/share a non-agricultural business are older than the average age of these adults and are in households that received a positive amount directly from an Other Government Program?,python_script_for_queries/SQL_TYPE_ALONE/v2/hh09dta_b2/query_000063_repaired_v1.py,"[""ii_portad"", ""ii_nna"", ""ii_se"", ""ii_in"", ""ii_ah""]","[""ii_portad_enriched.txt"", ""ii_nna_enriched.txt"", ""ii_se_enriched.txt"", ""ii_in_enriched.txt"", ""ii_ah_enriched.txt""]",hh09dta_b2,yes,multi_join,1.0,
"Among adult respondents (edad >= 18), and restricting to those whose households reported whether they received Liconsa milk in the last 12 months (in03a answered Yes or No), which states (ent) have a number of such adults living in households that produced/sold dairy in the last 12 months (inr02a = 1) greater than the average count across all states? Return the states and the counts, sorted by count descending.",Which states have an above-average number of adults (age 18+) living in households that reported producing or selling dairy products in the last 12 months—considering only households that answered yes or no to receiving Liconsa milk—and how many such adults are in each of those states?,python_script_for_queries/SQL_TYPE_ALONE/v2/hh09dta_b2/query_000064.py,"[""ii_portad"", ""ii_inr"", ""ii_in""]","[""ii_portad_enriched.txt"", ""ii_inr_enriched.txt"", ""ii_in_enriched.txt""]",hh09dta_b2,yes,column_provenance,3.0,
"Among adults (age 18+) living in households where at least one household member simultaneously reports owning both an electronic device (ah03e=1) and a wash machine/stove (ah03f=1), and where the household owns/shares a non‑ag business (nna01=1), what is the average age of those adults by state (ent)? Return the top 10 states by this average age, descending. Treat eligibility at the household level (a single member possessing both items is sufficient), and compute the average at the individual level among those adults.","Which 10 states have the highest average age of adults (18+) living in households where at least one member owns both an electronic device and a washing machine/stove and at least one member owns or shares a non‑agricultural business, and how many adults are counted in those states?",python_script_for_queries/SQL_TYPE_ALONE/v2/hh09dta_b2/query_000065.py,"[""ii_portad"", ""ii_nna"", ""ii_ah""]","[""ii_portad_enriched.txt"", ""ii_nna_enriched.txt"", ""ii_ah_enriched.txt""]",hh09dta_b2,yes,join_fanout,1.0,
"Among households that reported an illness/accident/hospitalization in the last 5 years (se01b = 1), which states have at least 50 such households where the respondent feels unsafe or very unsafe at home (vlh04 in {3, 4})? Count distinct households (by folio) and assign each household’s state using ii_portad.","Which states have at least 50 households that both feel unsafe or very unsafe at home and have had a household member experience an illness, accident, or hospitalization in the last five years, and how many such households does each of those states have?",python_script_for_queries/SQL_TYPE_ALONE/v2/hh09dta_b2/query_000066.py,"[""ii_portad"", ""ii_inr"", ""ii_se"", ""ii_vlh""]","[""ii_portad_enriched.txt"", ""ii_inr_enriched.txt"", ""ii_se_enriched.txt"", ""ii_vlh_enriched.txt""]",hh09dta_b2,yes,having,3.0,
"Among Oaxaca households (ent=20) that use a plot/land (su01=1) and reported selling eggs last month (inr04d > 0), which households that do NOT own/share a non‑agricultural business (nna01=2) sold a last‑month egg quantity strictly above the average last‑month egg quantity computed only among Oaxaca households that DO own/share a non‑agricultural business (nna01=1) who also sold eggs last month and use a plot/land? Return Household ID (folio) and inr04d, sorted descending.","Among Oaxaca households that use a plot/land and sold eggs last month, which households without a non‑agricultural business had a last‑month eggs sold quantity greater than the average among comparable households that do have a non‑agricultural business? List Household IDs and quantities, sorted from highest to lowest.",python_script_for_queries/SQL_TYPE_ALONE/v2/hh09dta_b2/query_000067.py,"[""ii_portad"", ""ii_nna"", ""ii_inr"", ""ii_su""]","[""ii_portad_enriched.txt"", ""ii_nna_enriched.txt"", ""ii_inr_enriched.txt"", ""ii_su_enriched.txt""]",hh09dta_b2,yes,scalar_filter,3.0,
"Among households in Oaxaca (ent=20), how many distinct households both reported using a plot/land for farming (su01=1) and, in the last five years, reported at least one household member died (se01a=1)? Count households, not individuals, and restrict the set to those households that used a plot.",How many households in Oaxaca both use a plot of land for sowing/farming/vegetables and reported a household member died in the last five years?,python_script_for_queries/SQL_TYPE_ALONE/v2/hh09dta_b2/query_000068.py,"[""ii_portad"", ""ii_se"", ""ii_su""]","[""ii_portad_enriched.txt"", ""ii_se_enriched.txt"", ""ii_su_enriched.txt""]",hh09dta_b2,yes,multi_join,1.0,
"Which states (ent) have, among respondents aged 30 or above whose households produced or sold crafts in the last 12 months (inr02f=1), at least as many such respondents who feel safe at home (vlh04 in {1,2}) as the national average number of such respondents per state? Return the state code and that count.","Which states have at least the average (across states) number of respondents aged 30 and older, living in households that produced or sold crafts in the last 12 months, who report feeling safe or very safe at home, and how many such respondents are in each state (sorted from highest to lowest)?",python_script_for_queries/SQL_TYPE_ALONE/v2/hh09dta_b2/query_000069.py,"[""ii_portad"", ""ii_vlh"", ""ii_inr"", ""ii_nna"", ""ii_se""]","[""ii_portad_enriched.txt"", ""ii_vlh_enriched.txt"", ""ii_inr_enriched.txt"", ""ii_nna_enriched.txt"", ""ii_se_enriched.txt""]",hh09dta_b2,yes,column_provenance,1.0,
"Among households that reported at least one electronic device with a positive recorded value (any ii_ah row where ah04e_1 = 1 and ah04e_2 > 0), what is the average number of interviewed individuals per household (counting each household once regardless of how many ii_ah or ii_portad rows it has)?","Among households that reported a positive monetary value for electronic device(s), what is the average number of household members?",python_script_for_queries/SQL_TYPE_ALONE/v2/hh09dta_b2/query_000070.py,"[""ii_portad"", ""ii_ah"", ""ii_se""]","[""ii_portad_enriched.txt"", ""ii_ah_enriched.txt"", ""ii_se_enriched.txt""]",hh09dta_b2,yes,join_fanout,1.0,
"Among states where at least 25 households both (a) reported using a plot/land for sowing/farming/vegetable (su01 = 1) and (b) have at least one household member who reported ownership of poultry (ah03m = 1), which states have an average household mean interviewed age (the average of ii_portad.edad within each household) above the overall average household mean interviewed age across those qualifying households?","Among households that both use a plot/land for farming and own poultry, which states have at least 25 such households and an average household mean age above the overall average across all such households, and for each state what are the number of households and the state-level average age (ranked from highest to lowest)?",python_script_for_queries/SQL_TYPE_ALONE/v2/hh09dta_b2/query_000071.py,"[""ii_portad"", ""ii_inr"", ""ii_vlh"", ""ii_su"", ""ii_ah""]","[""ii_portad_enriched.txt"", ""ii_inr_enriched.txt"", ""ii_vlh_enriched.txt"", ""ii_su_enriched.txt"", ""ii_ah_enriched.txt""]",hh09dta_b2,yes,having,3.0,
"Among adults (edad >= 18) interviewed in Oaxaca (ent = 20), and only those living in households that reported feeling unsafe at home (vlh04 in {3,4}), which individuals live in households whose total times entered/robbed since 2005 (vlh18a) is strictly above the average vlh18a among unsafe-at-home Oaxaca households?","Among adults (age 18+) in Oaxaca, which individuals live in households that report feeling unsafe or very unsafe at home and whose household’s total number of house/business/parcel break-ins since 2005 is above the Oaxaca average for such unsafe households?",python_script_for_queries/SQL_TYPE_ALONE/v2/hh09dta_b2/query_000072.py,"[""ii_portad"", ""ii_vlh"", ""ii_in""]","[""ii_portad_enriched.txt"", ""ii_vlh_enriched.txt"", ""ii_in_enriched.txt""]",hh09dta_b2,yes,scalar_filter,3.0,
"Considering distinct households (not individuals) that reported receiving Liconsa milk in the last 12 months, which five states have the highest number of such households that feel Unsafe or Very unsafe at home (vlh04 in {3,4}), including only states whose count is at or above the national average (across states) for this metric?","Among households that received Liconsa milk in the last 12 months, which top five states have the highest number of households who feel unsafe or very unsafe at home (restricted to states with counts at or above the cross-state average), and how many are there in each?",python_script_for_queries/SQL_TYPE_ALONE/v2/hh09dta_b2/query_000073.py,"[""ii_portad"", ""ii_in"", ""ii_vlh"", ""ii_inr""]","[""ii_portad_enriched.txt"", ""ii_in_enriched.txt"", ""ii_vlh_enriched.txt"", ""ii_inr_enriched.txt""]",hh09dta_b2,yes,multi_join,3.0,
"Among households in Oaxaca (ent = 20), how many distinct households have at least one member who owns a motor vehicle (ah03d = 1 in ii_ah) and also reported producing/selling crafts in the last 12 months (inr02f = 1 in ii_inr)?",How many households in the state of Oaxaca both own a motor vehicle and reported producing or selling crafts in the last 12 months?,python_script_for_queries/SQL_TYPE_ALONE/v2/hh09dta_b2/query_000074.py,"[""ii_portad"", ""ii_inr"", ""ii_ah""]","[""ii_portad_enriched.txt"", ""ii_inr_enriched.txt"", ""ii_ah_enriched.txt""]",hh09dta_b2,yes,column_provenance,2.0,
"For each state (ent), among households that both (a) use a plot/land for sowing/farming (su01=1) and (b) have at least one member aged 18–24, and further restricting to households whose average member age is at or above the overall household-average age, how many such households are there and how many of them report owning/sharing a non‑agricultural business (nna01=1)? Ensure each household is counted once despite multiple members.","For each state, how many households that use a plot/land for farming, include at least one member aged 18–24, and have an average household age at or above the overall average, and how many of those households have a member who owns or shares a non‑agricultural business?",python_script_for_queries/SQL_TYPE_ALONE/v2/hh09dta_b2/query_000075.py,"[""ii_portad"", ""ii_nna"", ""ii_su""]","[""ii_portad_enriched.txt"", ""ii_nna_enriched.txt"", ""ii_su_enriched.txt""]",hh09dta_b2,yes,join_fanout,3.0,
"Among households that reported using a plot/land for farming (su01 = 1), considering only households with a valid answer to 'Feel safe at home?' (vlh04 in {1, 2, 3, 4}), and counting households (distinct folios) rather than respondents, which states (ent) have at least 30 such households, and what is each such state's average vlh04 score? Return the state code, number of qualifying households, and the average score, sorted by average score (ascending).","Among states, for households that report using a plot/land for sowing, farming, or vegetables, what is the average 'Feel safe at home?' rating (1=Very safe, 4=Very unsafe) in each state, considering only states with at least 30 such households, and how do these states rank from safest (lowest average) to least safe?",python_script_for_queries/SQL_TYPE_ALONE/v2/hh09dta_b2/query_000076.py,"[""ii_portad"", ""ii_vlh"", ""ii_inr"", ""ii_su""]","[""ii_portad_enriched.txt"", ""ii_vlh_enriched.txt"", ""ii_inr_enriched.txt"", ""ii_su_enriched.txt""]",hh09dta_b2,yes,having,2.0,
"Among households in Oaxaca (ent = 20), which households that reported an actual value for the amount paid toward debts in the last 12 months (crh03_1 = 1, using crh03_2 as the amount) have payments strictly greater than the average crh03_2 among households nationwide who felt unsafe at home (vlh04 in {3,4}) and also reported a numeric payment value? Return their folio and the payment amount.","Among households in Oaxaca (state code 20), which Household IDs reported a monetary amount paid in the last 12 months and have amounts greater than the overall average paid by households who feel unsafe or very unsafe at home, and what are those amounts (sorted from highest to lowest)?",python_script_for_queries/SQL_TYPE_ALONE/v2/hh09dta_b2/query_000077.py,"[""ii_portad"", ""ii_crh"", ""ii_vlh""]","[""ii_portad_enriched.txt"", ""ii_crh_enriched.txt"", ""ii_vlh_enriched.txt""]",hh09dta_b2,yes,scalar_filter,3.0,
"Among households that (i) have at least one member who reports the household owns a motor vehicle (ah03d=1) and (ii) reported a numeric total debts + interests value (crh04_1=1, using crh04_2), and using the respondent’s state (ent) from ii_portad, which states have the largest number of such households whose total debts + interests exceed the overall average for these same qualifying households across all states? Count unique households (by folio), not individuals, and return the counts per state sorted descending.","By state, how many households that own a motor vehicle and reported a value for total debts (including interest) have debt above the overall average across such households nationwide, and which states have the highest counts?",python_script_for_queries/SQL_TYPE_ALONE/v2/hh09dta_b2/query_000078.py,"[""ii_portad"", ""ii_nna"", ""ii_vlh"", ""ii_ah"", ""ii_crh""]","[""ii_portad_enriched.txt"", ""ii_nna_enriched.txt"", ""ii_vlh_enriched.txt"", ""ii_ah_enriched.txt"", ""ii_crh_enriched.txt""]",hh09dta_b2,yes,multi_join,2.0,
"Among households that concurrently (a) have at least one member aged 60 or older (from ii_portad) and (b) have at least one asset record with financial assets/afores and a positive reported peso value (ah04h_1 = 1 and ah04h_2 > 0 in ii_ah), how many such households in each state (ent) have total debts + interests (crh04_2 in ii_crh) strictly above the national average among households that reported a value, and among those households, how many received a positive direct amount from Other Government Program (in02a10 > 0 in ii_in)? Return the state codes with both counts, sorted by the number that received the program in descending order.","By state, how many households have at least one member aged 60 or older and at least one member with a positive value of financial assets/afores, whose total debts plus interests are above the overall average, and among those households, how many received any direct income from the Other Government Program?",python_script_for_queries/SQL_TYPE_ALONE/v2/hh09dta_b2/query_000079.py,"[""ii_portad"", ""ii_in"", ""ii_crh"", ""ii_ah""]","[""ii_portad_enriched.txt"", ""ii_in_enriched.txt"", ""ii_crh_enriched.txt"", ""ii_ah_enriched.txt""]",hh09dta_b2,yes,column_provenance,3.0,
"Among households with at least one adult (edad >= 18) and a recorded value for electronic devices (ii_ah: ah04e_1 = 1), define the household’s electronic-device value as the maximum ah04e_2 reported across its members (to avoid double-counting shared assets). What is the average of this household-level value for households that reported a household member’s death in the last five years (ii_se.se01a = 1)? Return this single-row result only if it is strictly greater than the corresponding average among all eligible households (with an adult and a recorded device value), otherwise return no rows.","For households with at least one adult and a positive reported value for electronic devices, is the average of each household’s maximum reported electronic-device value higher among households that reported a household member’s death in the last five years than the overall average across all such households?",python_script_for_queries/SQL_TYPE_ALONE/v2/hh09dta_b2/query_000080.py,"[""ii_portad"", ""ii_se"", ""ii_ah"", ""ii_inr"", ""ii_nna""]","[""ii_portad_enriched.txt"", ""ii_se_enriched.txt"", ""ii_ah_enriched.txt"", ""ii_inr_enriched.txt"", ""ii_nna_enriched.txt""]",hh09dta_b2,yes,join_fanout,1.0,
"Among states with at least 30 households that both (a) reported knowing a family/friend robbed in the last 5 years (vlh08a = 1) and (b) did not produce or sell any of the listed goods in the last 12 months (all inr02a–inr02k = 3), which states have an above-average number of households who feel unsafe at home (vlh04 in {3,4}) relative to that set of states? Return the state codes with the counts of eligible households and unsafe households, sorted by the unsafe count descending.","Among states with at least 30 households that did not produce or sell any listed goods in the last 12 months and who know a family or friend robbed in the last five years, which states have an above-average number of these households who feel unsafe or very unsafe at home? For each qualifying state, report the total number of eligible households and the number who feel unsafe, sorted by the unsafe count in descending order.",python_script_for_queries/SQL_TYPE_ALONE/v2/hh09dta_b2/query_000081.py,"[""ii_portad"", ""ii_inr"", ""ii_vlh""]","[""ii_portad_enriched.txt"", ""ii_inr_enriched.txt"", ""ii_vlh_enriched.txt""]",hh09dta_b2,yes,having,3.0,
"Among households that reported owing money on credit/loans in the last 12 months (crh02_1 = 1), how many live in localities where people do favors each other (vlh01t) more frequently than the average among households that did not incur debts (crh02_1 = 2), and that have suffered at least one break-in/robbery since 2005 (vlh18a > 0)?",How many households that incurred debts in the last 12 months and experienced at least one robbery/forced entry since 2005 report that people in their locality do favors for each other more often than the average reported by households that did not incur debts in the last 12 months?,python_script_for_queries/SQL_TYPE_ALONE/v2/hh09dta_b2/query_000082.py,"[""ii_portad"", ""ii_inr"", ""ii_in"", ""ii_vlh"", ""ii_crh""]","[""ii_portad_enriched.txt"", ""ii_inr_enriched.txt"", ""ii_in_enriched.txt"", ""ii_vlh_enriched.txt"", ""ii_crh_enriched.txt""]",hh09dta_b2,yes,scalar_filter,1.0,
"Among households whose respondent reports feeling unsafe at home (vlh04 = 3 or 4) yet also agrees their locality is close (vlh01k = 1 or 2), how many households both (a) contain at least one adult member (edad >= 18 in ii_portad) and (b) have at least one household member who reports that the household owns the living house (ah03a = 1 in ii_ah)? Treat missing ownership responses as missing (not as an explicit ""No""), and note that a household qualifies if any member reports ownership (not necessarily all).","How many households have at least one adult member, at least one member who reports owning the dwelling they live in, and report feeling unsafe or very unsafe at home while completely agreeing or agreeing that their locality is close?",python_script_for_queries/SQL_TYPE_ALONE/v2/hh09dta_b2/query_000083.py,"[""ii_portad"", ""ii_nna"", ""ii_ah"", ""ii_vlh""]","[""ii_portad_enriched.txt"", ""ii_nna_enriched.txt"", ""ii_ah_enriched.txt"", ""ii_vlh_enriched.txt""]",hh09dta_b2,yes,multi_join,3.0,
"Among households that received Liconsa milk in the last 12 months (ii_in.in03a = 1), and keeping only cases where the interviewed person is the first listed individual (ls = '01' from ii_portad) and the household reports feeling safe or very safe at home (ii_vlh.vlh04 in {1,2}), which states (ent) have an average household total reported value of electronic devices (sum of ii_ah.ah04e_2 per household, considering only entries with ii_ah.ah04e_1 = 1) above the overall average for that same subset? Note: after joining ii_portad with ii_ah on folio only, use ls_x from ii_portad (not ls_y from ii_ah) to identify the first listed individual.","Among households that received Liconsa Milk in the last 12 months and report feeling very safe or safe at home, which states have an average per-household total value of electronic devices above the overall average, ranked from highest to lowest?",python_script_for_queries/SQL_TYPE_ALONE/v2/hh09dta_b2/query_000084.py,"[""ii_portad"", ""ii_in"", ""ii_ah"", ""ii_vlh"", ""ii_su""]","[""ii_portad_enriched.txt"", ""ii_in_enriched.txt"", ""ii_ah_enriched.txt"", ""ii_vlh_enriched.txt"", ""ii_su_enriched.txt""]",hh09dta_b2,yes,column_provenance,3.0,
"Among households that both have at least one adult (age ≥ 18) and at least one member who reports owning an electronic device, which states (ent) have an above-average number of such households that report feeling safe or very safe at home (vlh04 in {1,2})? Compute counts only among those qualifying households, and compare them to the average across states that have at least one such household.","Which states have an above-average number of households that have at least one adult (18+), include at least one member who owns an electronic device, and report feeling very safe or safe at home, and how many such households are in each state ranked from highest to lowest?",python_script_for_queries/SQL_TYPE_ALONE/v2/hh09dta_b2/query_000085.py,"[""ii_portad"", ""ii_ah"", ""ii_vlh"", ""ii_su"", ""ii_nna""]","[""ii_portad_enriched.txt"", ""ii_ah_enriched.txt"", ""ii_vlh_enriched.txt"", ""ii_su_enriched.txt"", ""ii_nna_enriched.txt""]",hh09dta_b2,yes,join_fanout,2.0,
"Among households that feel unsafe at home (vlh04 in {3,4}) and that explicitly reported they have not suffered a household break-in since 2005 (vlh12a_c = 3), which states (ent) have an average perceived safety score (mean vlh04; higher means worse) above the national average computed over the same subset? Only include states with at least 30 such households.","Among Mexican states, which ones have an above-national-average mean on the home safety scale (higher = more unsafe) among households that report feeling unsafe or very unsafe at home and have not experienced a forced home entry since 2005, considering only states with at least 30 such households, and what are their mean scores and household counts, ordered by highest mean?",python_script_for_queries/SQL_TYPE_ALONE/v2/hh09dta_b2/query_000086.py,"[""ii_portad"", ""ii_in"", ""ii_se"", ""ii_vlh""]","[""ii_portad_enriched.txt"", ""ii_in_enriched.txt"", ""ii_se_enriched.txt"", ""ii_vlh_enriched.txt""]",hh09dta_b2,yes,having,2.0,
"Among households that have at least one member aged 65 or older and a recorded value for total debts + interests (crh04_2 marked as a value), which households have total debts exceeding the average within this elderly-household group (not the overall average) and also reported receiving a positive amount directly from Other Government Program (in02a10 > 0) in the last 12 months? List their Household ID and debt amount, sorted from highest to lowest debt.","Which households with at least one member aged 65 or older, that reported a value for total debts + interests, have a debt amount (pesos) greater than the average for elderly households and also received a positive amount from Other Government Program? List Household ID, total debts + interests, and the Other Government Program amount, sorted by debt from highest to lowest.",python_script_for_queries/SQL_TYPE_ALONE/v2/hh09dta_b2/query_000087.py,"[""ii_portad"", ""ii_in"", ""ii_crh""]","[""ii_portad_enriched.txt"", ""ii_in_enriched.txt"", ""ii_crh_enriched.txt""]",hh09dta_b2,yes,scalar_filter,3.0,
"Among households in Oaxaca (ent=20) that have at least one adult member (edad >= 18), and that report owning domestic appliances (ah03g=1) but not a motor vehicle (ah03d=3), what is the average amount they paid toward debts in the last 12 months (crh03_2), counting only households that explicitly reported a numeric payment value (crh03_1=1)?","What is the average amount paid in the last 12 months (in pesos) among households in Oaxaca that include at least one adult (18+), own domestic appliances but not a motor vehicle, and reported an amount paid?",python_script_for_queries/SQL_TYPE_ALONE/v2/hh09dta_b2/query_000088.py,"[""ii_portad"", ""ii_crh"", ""ii_ah""]","[""ii_portad_enriched.txt"", ""ii_crh_enriched.txt"", ""ii_ah_enriched.txt""]",hh09dta_b2,yes,multi_join,2.0,
"Among adults aged 25 or older who live in households where at least one member reports owning a motor vehicle, and among those households that reported a positive amount paid toward debts in the last 12 months, what is the average age of those adults whose household’s payment exceeded the overall average payment among such households?","Among individuals aged 25 or older living in households that own a motor vehicle, what is the average age for those whose household reported a positive amount paid on debts in the last 12 months (in pesos) that exceeds the overall average household amount paid among households with a recorded value?",python_script_for_queries/SQL_TYPE_ALONE/v2/hh09dta_b2/query_000089.py,"[""ii_portad"", ""ii_crh"", ""ii_ah""]","[""ii_portad_enriched.txt"", ""ii_crh_enriched.txt"", ""ii_ah_enriched.txt""]",hh09dta_b2,yes,column_provenance,2.0,
"Among households that both incurred any debt in the last 12 months (crh02_1 = 1) and did not participate in any 'Other Government Program' (in01a10_1 = 3), what is the average number of household members who personally own an electronic device (ah03e = 1) per owner-household, by state (ent)? Use households (not person rows) as the averaging unit to avoid double counting when merging tables.","By state, what is the average number of household members who own electronic devices among households that owed money on credit/loans in the last 12 months and where no member participated in Other Government Program?",python_script_for_queries/SQL_TYPE_ALONE/v2/hh09dta_b2/query_000090.py,"[""ii_portad"", ""ii_in"", ""ii_su"", ""ii_ah"", ""ii_crh""]","[""ii_portad_enriched.txt"", ""ii_in_enriched.txt"", ""ii_su_enriched.txt"", ""ii_ah_enriched.txt"", ""ii_crh_enriched.txt""]",hh09dta_b2,yes,join_fanout,1.0,
"Among Mexican states (ent) with at least 25 households that reported receiving Liconsa milk in the last 12 months (ii_in.in03a = 1), which states have a higher average directly received amount from 'Other Government Program' (ii_in.in02a10) than the overall household-level average computed only from those qualifying states? Return the state code (ent), the number of qualifying households, and the state's average amount, sorted by the average descending.","Among households that received Liconsa milk in the last 12 months, which states with at least 25 such households have an average amount received directly from Other Government Program above the overall average across those states, and how do they rank by that average?",python_script_for_queries/SQL_TYPE_ALONE/v2/hh09dta_b2/query_000091.py,"[""ii_portad"", ""ii_in"", ""ii_se""]","[""ii_portad_enriched.txt"", ""ii_in_enriched.txt"", ""ii_se_enriched.txt""]",hh09dta_b2,yes,having,1.0,
"Among households that reported losing their total crop in the last five years (se01e = 1), how many also own/share a non-agricultural business (nna01 = 1) and are located in states whose average interviewed age is strictly above the overall average age across all interviewed individuals?","How many households both lost their total crop in the last five years and own/share a non-agricultural business, among those located in states where the average age of interviewed individuals is higher than the overall average age?",python_script_for_queries/SQL_TYPE_ALONE/v2/hh09dta_b2/query_000092.py,"[""ii_portad"", ""ii_su"", ""ii_inr"", ""ii_nna"", ""ii_se""]","[""ii_portad_enriched.txt"", ""ii_su_enriched.txt"", ""ii_inr_enriched.txt"", ""ii_nna_enriched.txt"", ""ii_se_enriched.txt""]",hh09dta_b2,yes,scalar_filter,3.0,
"Among households in Oaxaca (ent=20) that include at least one member aged 70 or older, that actually received income from the 'Other Government Program' in the last 12 months (in01a10_1 = 1), and that report having paid something toward debts in the last 12 months (crh03_1 = 1), which Household IDs have a reported total debt (crh04_2) strictly above the average total debt within this same subset? Consider only households with an explicit total-debt value (crh04_1 = 1). Return their Household ID and total-debt value.","Among households in Oaxaca that have at least one member aged 70 or older, received income from an Other Government Program in the last 12 months, and reported an amount paid on credit/loans in the last year, which households have total debts (including interest) above the group’s average, and what are those debt amounts in pesos, ranked from highest to lowest?",python_script_for_queries/SQL_TYPE_ALONE/v2/hh09dta_b2/query_000093_repaired_v1.py,"[""ii_portad"", ""ii_su"", ""ii_crh"", ""ii_in""]","[""ii_portad_enriched.txt"", ""ii_su_enriched.txt"", ""ii_crh_enriched.txt"", ""ii_in_enriched.txt""]",hh09dta_b2,yes,multi_join,3.0,
"Among interviewed individuals in Oaxaca (ent=20), who live in localities where knowing a family/friend robbed in the last 12 months is 'Yes' (vlh10a=1) and whose household reported no household member died in the last five years (se01a=3), how many are older than the average age of all interviewed individuals in Oaxaca (the age mean computed over all Oaxaca individuals, not just those meeting the other conditions)?",How many individuals in the state of Oaxaca are older than the average age in Oaxaca and live in households that reported knowing a family or friend who was robbed in the last 12 months and reported no household member death in the last five years?,python_script_for_queries/SQL_TYPE_ALONE/v2/hh09dta_b2/query_000094.py,"[""ii_portad"", ""ii_se"", ""ii_vlh""]","[""ii_portad_enriched.txt"", ""ii_se_enriched.txt"", ""ii_vlh_enriched.txt""]",hh09dta_b2,yes,column_provenance,2.0,
"Among households that reported selling fattening animals in the last 12 months (inr02j = 1), what is the average number of adult members (edad ≥ 18) for those whose household-level bull/cow asset value (ah04j_2) is strictly above the average bull/cow value across those seller households?","Among households that reported producing or selling fattening animals in the last 12 months and whose bull/cow asset value exceeds the average among such households, what is the average number of adults (age 18+) per household?",python_script_for_queries/SQL_TYPE_ALONE/v2/hh09dta_b2/query_000095.py,"[""ii_portad"", ""ii_inr"", ""ii_se"", ""ii_ah""]","[""ii_portad_enriched.txt"", ""ii_inr_enriched.txt"", ""ii_se_enriched.txt"", ""ii_ah_enriched.txt""]",hh09dta_b2,yes,join_fanout,1.0,
"Which states (ent codes) have at least 50 households that both explicitly reported not having any savings (crh01_1a = 1) and explicitly answered 'No' to using a plot/land (su01 = 3), counting distinct households (folio) rather than persons and excluding missing responses? Return the state code and the count of such households.","Which states have at least 50 households that both report having no savings and not using a plot/land for farming, and how many such households are in each state (ordered from highest to lowest)?",python_script_for_queries/SQL_TYPE_ALONE/v2/hh09dta_b2/query_000096.py,"[""ii_portad"", ""ii_su"", ""ii_crh""]","[""ii_portad_enriched.txt"", ""ii_su_enriched.txt"", ""ii_crh_enriched.txt""]",hh09dta_b2,yes,having,1.0,
"Among households in Oaxaca (ent = 20), which households that have at least one member who owns a motor vehicle (ah03d = 1) report feeling less safe at home (higher vlh04) than the average vlh04 among similar vehicle-owning households in all other states? Count households once regardless of how many members own vehicles, and return their Household ID and rating, sorted by vlh04 descending.","Which households in Oaxaca that have at least one member who owns a motor vehicle report a higher 'feel safe at home' score (vlh04, where higher = more unsafe) than the average among similar households outside Oaxaca, and what are their scores, sorted from most to least unsafe?",python_script_for_queries/SQL_TYPE_ALONE/v2/hh09dta_b2/query_000097.py,"[""ii_portad"", ""ii_vlh"", ""ii_ah""]","[""ii_portad_enriched.txt"", ""ii_vlh_enriched.txt"", ""ii_ah_enriched.txt""]",hh09dta_b2,yes,scalar_filter,3.0,
"How many distinct households in Oaxaca (ent=20) or Puebla (ent=21) that used a plot of land (su01=1) have at least one adult member (edad >= 18) and at least one member reporting ownership of a motor vehicle (ah03d=1), and whose household fuel expense (su239) is strictly greater than the overall average fuel expense among all plot-using households across Oaxaca and Puebla? Count households, not individuals.","How many households in Oaxaca (state 20) or Puebla (state 21) that use a plot/land for sowing/farming, have at least one adult (age 18 or older), and have at least one member who owns a motor vehicle, report fuel expenses (su239) above the overall average among land-using households in those two states?",python_script_for_queries/SQL_TYPE_ALONE/v2/hh09dta_b2/query_000098.py,"[""ii_portad"", ""ii_ah"", ""ii_su""]","[""ii_portad_enriched.txt"", ""ii_ah_enriched.txt"", ""ii_su_enriched.txt""]",hh09dta_b2,yes,multi_join,2.0,
"Among interviewed individuals aged 18 or older, which states have an above-the-overall-state-average count of adults living in households that both reported producing/selling fattening animals in the last 12 months (inr02j = 1) and actually received income from an Other Government Program in the last 12 months (in01a10_1 = 1)? Return the state code (ent) and the qualifying adult count, sorted descending.","Which states have an above-average (across states) number of adults (age 18+) living in households that, in the last 12 months, both produced or sold fattening animals and received income from an Other Government Program, and how many such adults are there per state, ordered from highest to lowest?",python_script_for_queries/SQL_TYPE_ALONE/v2/hh09dta_b2/query_000099.py,"[""ii_portad"", ""ii_inr"", ""ii_se"", ""ii_in""]","[""ii_portad_enriched.txt"", ""ii_inr_enriched.txt"", ""ii_se_enriched.txt"", ""ii_in_enriched.txt""]",hh09dta_b2,yes,column_provenance,1.0,
"For each state, how many households with at least one member aged 70 or older received a positive direct payment from the program “70 y más” in the last 12 months, and how many households without any member aged 70 or older did so? Be careful to count households (distinct folios), not individuals, and to treat positive amounts (in02a11 > 0) as receipt rather than inferring from missing values.","By state, how many households that received a positive direct amount from the '70 y más' program have at least one member aged 70 or older, and how many have no members aged 70 or older?",python_script_for_queries/SQL_TYPE_ALONE/v2/hh09dta_b2/query_000100.py,"[""ii_portad"", ""ii_in"", ""ii_inr""]","[""ii_portad_enriched.txt"", ""ii_in_enriched.txt"", ""ii_inr_enriched.txt""]",hh09dta_b2,yes,join_fanout,3.0,
"Which states (ent) have an average of at least 1.5 non‑agricultural businesses per household among households that both reported owning/sharing a non‑ag business (nna01=1) and reported not using any plot/land for farming (su01=3)? Return the state code (ent), the average number of businesses, and the count of such qualifying households per state. Note: the average must be computed only over those qualifying households, not over all households or individuals.","Among households that report owning or sharing a non-agricultural business and do not use any plot/land for farming, which states have an average of at least 1.5 non-ag businesses owned/shared in the last 12 months, and how many such households are there in each of those states?",python_script_for_queries/SQL_TYPE_ALONE/v2/hh09dta_b2/query_000101.py,"[""ii_portad"", ""ii_su"", ""ii_nna""]","[""ii_portad_enriched.txt"", ""ii_su_enriched.txt"", ""ii_nna_enriched.txt""]",hh09dta_b2,yes,having,1.0,
"Among households in Oaxaca (ent=20) and Puebla (ent=21) that both use land for cultivation (su01=1) and own/share a non‑ag business (nna01=1), which Household IDs received a positive direct amount from Other Government Program (in02a10) that is strictly greater than the average positive amount among all land‑using households in those two states, regardless of business ownership?","Which household IDs in Oaxaca or Puebla that use a plot of land for farming and own/share a non‑agricultural business received a positive direct payment from the “Other Government Program” above the average for land‑using households in those states, and how much did they receive (sorted highest to lowest)?",python_script_for_queries/SQL_TYPE_ALONE/v2/hh09dta_b2/query_000102.py,"[""ii_portad"", ""ii_nna"", ""ii_in"", ""ii_inr"", ""ii_su""]","[""ii_portad_enriched.txt"", ""ii_nna_enriched.txt"", ""ii_in_enriched.txt"", ""ii_inr_enriched.txt"", ""ii_su_enriched.txt""]",hh09dta_b2,yes,scalar_filter,2.0,
"Among households in Oaxaca (ent = 20), how many households have at least one member aged 60 or older and, among those households, the respondent reports feeling unsafe or very unsafe at home (vlh04 in [3,4]) and the household experienced the death of a household member in the last 5 years (se01a = 1)? Count distinct households (folios), not individuals.","How many households in Oaxaca have at least one member aged 60 or older, feel unsafe or very unsafe at home, and reported a household member’s death in the last five years?",python_script_for_queries/SQL_TYPE_ALONE/v2/hh09dta_b2/query_000103.py,"[""ii_portad"", ""ii_vlh"", ""ii_nna"", ""ii_se""]","[""ii_portad_enriched.txt"", ""ii_vlh_enriched.txt"", ""ii_nna_enriched.txt"", ""ii_se_enriched.txt""]",hh09dta_b2,yes,multi_join,1.0,
"Among Oaxaca (ent=20) households that own/share a non-ag business (nna01=1) and have at least one interviewed adult (edad>=18), list the households that both reported owing money in the last 12 months (crh02_1=1) and reported paying something (crh03_1=1), whose paid amount is strictly above the average paid amount computed only among those same qualifying households. Return folio, the owed amount from the owed record (crh02_2_x), and the paid amount from the payment record (crh03_2_y), sorted by paid amount descending.","Among Oaxaca households (state 20) with at least one adult and a member who owns/shares a non-agricultural business, which households both owed and paid on credit/loans in the last 12 months and paid more than this group's average amount? List their Household IDs with the amounts owed and paid (in pesos), sorted by amount paid in descending order.",python_script_for_queries/SQL_TYPE_ALONE/v2/hh09dta_b2/query_000104.py,"[""ii_portad"", ""ii_nna"", ""ii_crh""]","[""ii_portad_enriched.txt"", ""ii_nna_enriched.txt"", ""ii_crh_enriched.txt""]",hh09dta_b2,yes,column_provenance,1.0,
"Focusing on households in Oaxaca (ent=20), among farming households (su01=1) with no 'lost total crop' event in the last 5 years (se01e=3) and with recorded asset data, what is the average total household value of wash machine/stove (ah04f_2) for those whose household total is above the average among Oaxaca farming households that did experience a 'lost total crop' event (se01e=1)? Compute wash machine/stove totals at the household level from ii_ah before any joins to avoid double counting across multiple individuals per household.","Among households in Oaxaca that use a plot of land for farming, what is the average total household value of washing machines/stoves for those that did not lose their total crop in the last five years, considering only households whose washing machine/stove value exceeds the average among households that did lose their total crop?",python_script_for_queries/SQL_TYPE_ALONE/v2/hh09dta_b2/query_000105.py,"[""ii_portad"", ""ii_ah"", ""ii_se"", ""ii_su""]","[""ii_portad_enriched.txt"", ""ii_ah_enriched.txt"", ""ii_se_enriched.txt"", ""ii_su_enriched.txt""]",hh09dta_b2,yes,join_fanout,3.0,
"Among Oaxaca (ent=20) households that reported a numeric value for total debts plus interests (crh04_1=1), how many households have total debts plus interests strictly above the Oaxaca average of this metric and, among those households, the sum of direct income from Other Government Program (in02a10) over the last 12 months is greater than zero?",How many households in Oaxaca have a reported total amount of debts and interests above the Oaxaca average (among households with reported values) and also received a positive amount directly from the Other Government Program?,python_script_for_queries/SQL_TYPE_ALONE/v2/hh09dta_b2/query_000106.py,"[""ii_portad"", ""ii_in"", ""ii_crh""]","[""ii_portad_enriched.txt"", ""ii_in_enriched.txt"", ""ii_crh_enriched.txt""]",hh09dta_b2,yes,having,3.0,
"Among households that have at least one interviewed member aged 65 or older and actually received '70 y más' in the last 12 months (in01a11_1 = 1) with a positive direct amount (in02a11), which households have a direct amount from '70 y más' greater than the average in02a11 computed only among those same 65+ '70 y más' households that also received Liconsa Milk (in03a = 1)? Return the Household ID and in02a11.","Among households with at least one member aged 65 or older who participated in the 70 y más program and received a positive direct payment, which household IDs have 70 y más amounts exceeding the average among those that also received Liconsa milk in the last 12 months, and what are those amounts (sorted from highest to lowest)?",python_script_for_queries/SQL_TYPE_ALONE/v2/hh09dta_b2/query_000107.py,"[""ii_portad"", ""ii_in"", ""ii_su""]","[""ii_portad_enriched.txt"", ""ii_in_enriched.txt"", ""ii_su_enriched.txt""]",hh09dta_b2,yes,scalar_filter,1.0,
"Among households in Oaxaca (ent = 20) that include at least one interviewed member aged 60 or older, how many of those households both reported feeling unsafe at home (vlh04 = 3 or 4) and incurred any debt in the last 12 months (crh02_1 = 1)?","How many households in Oaxaca have at least one member aged 60 or older, report feeling unsafe or very unsafe at home, and reported having incurred credit/loan debt in the last 12 months with a stated amount?",python_script_for_queries/SQL_TYPE_ALONE/v2/hh09dta_b2/query_000108.py,"[""ii_portad"", ""ii_ah"", ""ii_vlh"", ""ii_nna"", ""ii_crh""]","[""ii_portad_enriched.txt"", ""ii_ah_enriched.txt"", ""ii_vlh_enriched.txt"", ""ii_nna_enriched.txt"", ""ii_crh_enriched.txt""]",hh09dta_b2,yes,multi_join,3.0,
"Among households in Oaxaca (ent=20) that have at least one interviewed individual aged 25–54 and that reported a numeric total debt amount (crh04_1=1), how many distinct households both have at least one member who owns financial assets/afores (ah03h=1) and a total debt amount (crh04_2) strictly above the mean crh04_2 computed over those same eligible Oaxaca households with a reported value?",How many households in Oaxaca that have at least one member aged 25–54 and at least one member owning financial assets/afores have a recorded total debts plus interest amount higher than the average among Oaxaca households with a 25–54-year-old and recorded debt values?,python_script_for_queries/SQL_TYPE_ALONE/v2/hh09dta_b2/query_000109.py,"[""ii_portad"", ""ii_crh"", ""ii_ah"", ""ii_inr""]","[""ii_portad_enriched.txt"", ""ii_crh_enriched.txt"", ""ii_ah_enriched.txt"", ""ii_inr_enriched.txt""]",hh09dta_b2,yes,column_provenance,2.0,
"Among households that use a plot for farming (su01=1), reported a total crop loss in the last five years (se01e=1), and report that none of their members participate in an Other Government Program (in01a10_1=3), what is the average household chemical fertilizer expense (su231) by the number of adults aged 18+ in the household? Use households as the unit of analysis (do not let multiple adults per household double‑count the household), and restrict to households with at least one adult.","Among households that use a plot/land for farming, experienced a total crop loss in the last five years, and have no members participating in any Other Government Program, what is the average household expense in chemical fertilizer by number of adults (age 18+), and how many households are in each adult-count group?",python_script_for_queries/SQL_TYPE_ALONE/v2/hh09dta_b2/query_000110.py,"[""ii_portad"", ""ii_su"", ""ii_inr"", ""ii_in"", ""ii_se""]","[""ii_portad_enriched.txt"", ""ii_su_enriched.txt"", ""ii_inr_enriched.txt"", ""ii_in_enriched.txt"", ""ii_se_enriched.txt""]",hh09dta_b2,yes,join_fanout,3.0,
"Among Oaxaca (ent=20) households that both own any electronic device (ah03e=1) and incurred debts in the last 12 months (crh02_1=1), and that reported a numeric amount paid in the last 12 months (crh03_1=1), which households paid strictly more than the average amount paid among those same Oaxaca indebted, device-owning households?","Among households in Oaxaca that own an electronic device and reported owing money on credit/loans and making payments in the last 12 months, which household IDs paid more than the average amount in pesos, and how much did they pay (sorted from highest to lowest)?",python_script_for_queries/SQL_TYPE_ALONE/v2/hh09dta_b2/query_000112.py,"[""ii_portad"", ""ii_inr"", ""ii_se"", ""ii_crh"", ""ii_ah""]","[""ii_portad_enriched.txt"", ""ii_inr_enriched.txt"", ""ii_se_enriched.txt"", ""ii_crh_enriched.txt"", ""ii_ah_enriched.txt""]",hh09dta_b2,yes,scalar_filter,1.0,
"Among adults (age >= 18) in Oaxaca (ent = 20) who live in households that explicitly reported using a plot of land for sowing/farming (su01 = 1), what percentage of those adults live in localities where the respondent felt unsafe at home (vlh04 = 3 or 4)? Use only adults in households with a valid vlh04 response (values 1–4) as the denominator; do not count missing vlh04 as unsafe or in the base.","In Oaxaca, among adults aged 18+ living in households that use a plot of land for cultivation, how many adults provided a valid answer to the question “Feel safe at home?” and how many reported feeling Unsafe or Very unsafe?",python_script_for_queries/SQL_TYPE_ALONE/v2/hh09dta_b2/query_000113.py,"[""ii_portad"", ""ii_su"", ""ii_inr"", ""ii_vlh"", ""ii_ah""]","[""ii_portad_enriched.txt"", ""ii_su_enriched.txt"", ""ii_inr_enriched.txt"", ""ii_vlh_enriched.txt"", ""ii_ah_enriched.txt""]",hh09dta_b2,yes,multi_join,1.0,
"Among households in Oaxaca (ent=20) that have at least one interviewed adult (edad >= 18) and reported using a plot/land for farming (su01=1), which household IDs reported explicit numeric values for both total debts + interests (crh04_1=1) and amount paid in the last 12 months (crh03_1=1), and had total debts (crh04_2) strictly above the average total debts among those same qualifying households?","Among households in Oaxaca with at least one adult that use a plot of land for farming, which Household IDs reported numeric values for both the amount paid on debts in the last 12 months and total debts plus interest, and have total debts plus interest above the group’s average—and what are those total debt amounts, sorted from highest to lowest?",python_script_for_queries/SQL_TYPE_ALONE/v2/hh09dta_b2/query_000114.py,"[""ii_portad"", ""ii_su"", ""ii_crh""]","[""ii_portad_enriched.txt"", ""ii_su_enriched.txt"", ""ii_crh_enriched.txt""]",hh09dta_b2,yes,column_provenance,2.0,
"Among Oaxaca households (ent=20) that reported at least one illness/accident/hospitalization of a household member in the last five years (se01b=1), and restricting to households that reported any motor-vehicle value (ah04d_1=1 for at least one member), what is the average total debts + interests (crh04_2) among the subset whose summed household motor-vehicle value (sum of ah04d_2 across all members) is below the average motor-vehicle value of that Oaxaca-affected set?","What is the average total amount of household debts plus interest (in pesos) among households in Oaxaca that reported a household member’s disease/accident/hospitalization in the last five years and have a recorded motor vehicle value, considering only those whose total motor vehicle value is below the average among these households?",python_script_for_queries/SQL_TYPE_ALONE/v2/hh09dta_b2/query_000115.py,"[""ii_portad"", ""ii_crh"", ""ii_se"", ""ii_ah""]","[""ii_portad_enriched.txt"", ""ii_crh_enriched.txt"", ""ii_se_enriched.txt"", ""ii_ah_enriched.txt""]",hh09dta_b2,yes,join_fanout,2.0,
"Among states (ii_portad.ent) that are represented by at least 30 distinct households that both use land for farming (ii_su.su01 = 1) and have an ii_inr record, which states have at least 10 such households that explicitly reported producing/selling honey in the last 12 months (ii_inr.inr02i = 1)? Count each household once via its folio, and exclude households with missing inr02i rather than treating them as ""No"".","Which states have at least 30 households that use a plot of land for farming and, among them, at least 10 households that produced or sold honey in the last 12 months, and how many such honey-producing households does each of those states have (sorted from most to least)?",python_script_for_queries/SQL_TYPE_ALONE/v2/hh09dta_b2/query_000116.py,"[""ii_portad"", ""ii_inr"", ""ii_su""]","[""ii_portad_enriched.txt"", ""ii_inr_enriched.txt"", ""ii_su_enriched.txt""]",hh09dta_b2,yes,having,2.0,
"Among interviewed individuals living in households that explicitly reported owning/sharing a non-agricultural business (nna01=1), which individuals are older than the average age of interviewed individuals living in households that explicitly reported not owning/sharing a non-agricultural business (nna01=2)? Return their Household ID (folio), Individual ID (ls), and age (edad).","Among households with at least one member who owns or shares a non-agricultural business, which individuals are older than the average age of individuals in households where at least one member does not own or share a non-agricultural business? Return Household ID (folio), Individual ID (ls), and age.",python_script_for_queries/SQL_TYPE_ALONE/v2/hh09dta_b2/query_000117.py,"[""ii_portad"", ""ii_nna"", ""ii_su"", ""ii_ah""]","[""ii_portad_enriched.txt"", ""ii_nna_enriched.txt"", ""ii_su_enriched.txt"", ""ii_ah_enriched.txt""]",hh09dta_b2,yes,scalar_filter,2.0,
"Among households in Oaxaca (state code ent = 20) that have at least one adult (edad >= 18) and reported a positive total debts + interests amount in the last 12 months (crh04_1 = 1 and crh04_2 > 0), excluding those that received Liconsa Milk in the last 12 months (in03a = 1), how many households both received any direct transfer from an Other Government Program (in02a10 > 0) and have total debts above the average debt among those qualifying Oaxaca households?","How many households in Oaxaca with at least one adult, that did not receive Liconsa milk in the last 12 months, reported a positive total amount of debts plus interests exceeding the average for these households, and directly received a positive amount from the Other Government Program?",python_script_for_queries/SQL_TYPE_ALONE/v2/hh09dta_b2/query_000118.py,"[""ii_portad"", ""ii_in"", ""ii_crh"", ""ii_su""]","[""ii_portad_enriched.txt"", ""ii_in_enriched.txt"", ""ii_crh_enriched.txt"", ""ii_su_enriched.txt""]",hh09dta_b2,yes,multi_join,3.0,
"Among households in Oaxaca (ent = 20), which household IDs both cultivate a plot (su01 = 1) and report owning a motor vehicle (ah03d = 1), and that have at least one joined roster–assets row where the roster member is an adult (edad >= 18) and the assets module’s individual ID is 1? Return each qualifying household once. Note: this requires using values from both the roster (edad) and assets (ah03d, ls) tables after joining on folio, and the condition is existence of at least one qualifying row per household, not that all members qualify.","Which household IDs in Oaxaca have at least one member aged 18 or older, use a plot of land for cultivation, and have the individual with ID 1 reporting ownership of a motor vehicle?",python_script_for_queries/SQL_TYPE_ALONE/v2/hh09dta_b2/query_000119.py,"[""ii_portad"", ""ii_inr"", ""ii_nna"", ""ii_su"", ""ii_ah""]","[""ii_portad_enriched.txt"", ""ii_inr_enriched.txt"", ""ii_nna_enriched.txt"", ""ii_su_enriched.txt"", ""ii_ah_enriched.txt""]",hh09dta_b2,yes,column_provenance,1.0,
"Among households in Oaxaca (ent=20) that reported incurring debts in the last 12 months (crh02_1=1) and for which a total debts amount is recorded (crh04_1=1), what is the average total debts + interests (crh04_2) by motor-vehicle ownership status, treating a household as owning a motor vehicle if any member reports ownership (ah03d=1) and counting each household once regardless of how many individuals were interviewed?","Among households in Oaxaca that reported amounts for both money owed on credit/loans in the last 12 months and total debts plus interest, what is the average total debts plus interest (in pesos) for households that own at least one motor vehicle versus those that do not, and how many households are in each group?",python_script_for_queries/SQL_TYPE_ALONE/v2/hh09dta_b2/query_000120.py,"[""ii_portad"", ""ii_nna"", ""ii_ah"", ""ii_crh"", ""ii_se""]","[""ii_portad_enriched.txt"", ""ii_nna_enriched.txt"", ""ii_ah_enriched.txt"", ""ii_crh_enriched.txt"", ""ii_se_enriched.txt""]",hh09dta_b2,yes,join_fanout,1.0,
"Among states (ent), which states have at least 100 distinct households where the household reports feeling safe or very safe at home (vlh04 in [1, 2]) and at least one respondent in that household reported owning a motor vehicle (ah03d = 1)? Return the state code and the count of such households. Note: count distinct households, not respondents.","Which states have at least 100 households where a household member owns a motor vehicle and residents report feeling safe or very safe at home, and how many such households are in each state (sorted by count)?",python_script_for_queries/SQL_TYPE_ALONE/v2/hh09dta_b2/query_000121.py,"[""ii_portad"", ""ii_vlh"", ""ii_ah""]","[""ii_portad_enriched.txt"", ""ii_vlh_enriched.txt"", ""ii_ah_enriched.txt""]",hh09dta_b2,yes,having,2.0,
"Among households in Oaxaca (ent=20), which households that reported receiving income from the 'Other Government Program' (in01a10_1=1) received a direct amount (in02a10) greater than the nationwide average direct amount among households that reported receiving from that same program?","Which household IDs in Oaxaca received direct income from an Other Government Program in the last 12 months that exceeded the overall average amount among all recipients, and how much did they receive?",python_script_for_queries/SQL_TYPE_ALONE/v2/hh09dta_b2/query_000122.py,"[""ii_portad"", ""ii_se"", ""ii_in""]","[""ii_portad_enriched.txt"", ""ii_se_enriched.txt"", ""ii_in_enriched.txt""]",hh09dta_b2,yes,scalar_filter,2.0,
"Among households with at least one member owning a motor vehicle (from ii_ah), which states (ent from ii_portad) have an above-average (relative to the national mean per state) number of households that both: (a) explicitly reported participating in and receiving income from an 'Other Government Program' in the last 12 months (ii_in: in01a10_1 = 1 and in02a10 > 0), and (b) feel unsafe or very unsafe at home (ii_vlh: vlh04 in {3,4})? Count only households within the motor-vehicle-owning universe, and treat value 3 = 'No' as non-participation rather than missing.","Which states have an above-average number of households that received a positive amount from an 'Other Government Program' in the last 12 months, report feeling unsafe or very unsafe at home, and own a motor vehicle, and how many such households does each of those states have?",python_script_for_queries/SQL_TYPE_ALONE/v2/hh09dta_b2/query_000123.py,"[""ii_portad"", ""ii_in"", ""ii_inr"", ""ii_vlh"", ""ii_ah""]","[""ii_portad_enriched.txt"", ""ii_in_enriched.txt"", ""ii_inr_enriched.txt"", ""ii_vlh_enriched.txt"", ""ii_ah_enriched.txt""]",hh09dta_b2,yes,multi_join,2.0,
"Among households that both report using a plot for farming (su01=1 in ii_su) and owning/sharing a non‑ag business (nna01=1 in ii_nna), how many such households in Oaxaca (ent=20) contain at least one adult (edad ≥ 18) and at least one child (edad < 18) interviewed within the same household? Count households (not person-pairs).","How many households in Oaxaca have at least one adult (age 18+) and at least one minor (under 18), where a household member owns or shares a non‑agricultural business and a household member uses a plot of land for sowing/farming/vegetables?",python_script_for_queries/SQL_TYPE_ALONE/v2/hh09dta_b2/query_000124.py,"[""ii_portad"", ""ii_nna"", ""ii_su""]","[""ii_portad_enriched.txt"", ""ii_nna_enriched.txt"", ""ii_su_enriched.txt""]",hh09dta_b2,yes,column_provenance,1.0,
"Among Oaxaca households (ent = 20 in ii_portad) whose direct receipts from the Other Government Program (ii_in.in02a10) exceed the Oaxaca-wide mean among recipient households, what is the average household size (number of members in ii_portad) by whether the household owns/shares a non-agricultural business (ii_nna.nna01 = 1 Yes vs 2 No)? Ensure the calculation is at the household level to avoid double-counting from multiple members’ records.","Among households in Oaxaca that received a positive direct amount from Other Government Program and whose amount exceeds the Oaxaca average among such recipients, what is the average household size for those that own/share a non‑agricultural business versus those that do not?",python_script_for_queries/SQL_TYPE_ALONE/v2/hh09dta_b2/query_000125.py,"[""ii_portad"", ""ii_ah"", ""ii_in"", ""ii_nna""]","[""ii_portad_enriched.txt"", ""ii_ah_enriched.txt"", ""ii_in_enriched.txt"", ""ii_nna_enriched.txt""]",hh09dta_b2,yes,join_fanout,3.0,
"Among interviewed individuals, restrict to those living in households that both use a plot of land (su01=1 in ii_su) and reported producing/selling both meat and eggs in the last 12 months (inr02c=1 and inr02d=1 in ii_inr). Considering only states that have at least 30 such interviewed individuals, which states have a mean interviewed age strictly above the overall mean interviewed age across all such individuals nationwide?","Which states have an average age of interviewed individuals higher than the overall average among those living in households that use a plot/land for farming and that produced/sold both meat and eggs in the last 12 months, considering only states with at least 30 individuals, and list each state's average age and number of individuals, sorted from highest to lowest average age?",python_script_for_queries/SQL_TYPE_ALONE/v2/hh09dta_b2/query_000126.py,"[""ii_portad"", ""ii_inr"", ""ii_su""]","[""ii_portad_enriched.txt"", ""ii_inr_enriched.txt"", ""ii_su_enriched.txt""]",hh09dta_b2,yes,having,2.0,
"Among households that reported at least one of these last-5-years shocks (any of se01a–se01f = 1): death of a member, serious illness/accident/hospitalization, unemployment/business failure, loss of dwelling/business by natural disaster, total crop loss, or loss/death of productive animals, which households have a total number of break-ins since 2005 (vlh18a) strictly greater than the average vlh18a observed among households that explicitly reported none of these shocks (se01a–se01f all equal to 3)? Return Household ID and vlh18a.","Which households that reported any of the following shocks in the last five years—death of a household member, serious illness/accident/hospitalization, unemployment/business failure, loss of dwelling/business to a natural disaster, total crop loss, or loss/robbery/death of animals—have a total number of break-ins/robberies of their house/business/parcel since 2005 greater than the average among households that reported none of these shocks? List the Household ID (folio) and the total count (vlh18a).",python_script_for_queries/SQL_TYPE_ALONE/v2/hh09dta_b2/query_000127.py,"[""ii_portad"", ""ii_se"", ""ii_vlh"", ""ii_inr"", ""ii_nna""]","[""ii_portad_enriched.txt"", ""ii_se_enriched.txt"", ""ii_vlh_enriched.txt"", ""ii_inr_enriched.txt"", ""ii_nna_enriched.txt""]",hh09dta_b2,yes,scalar_filter,3.0,
"Among Oaxaca households (ent = 20) that both use a plot/land for farming (su01 = 1) and own/share a non‑agricultural business (nna01 = 1), and that have at least one interviewed person aged 60 or older, which household IDs received a direct amount from an Other Government Program (in02a10) above the average of such households? Return the household ID and the received amount, sorted descending. Note: a household counts as having received this direct amount only if in01a10_1 = 1; households are included if at least one qualifying person exists, not all members.","Which households (by Household ID) in Oaxaca with at least one member aged 60 or older, that both use land for farming and own/share a non‑agricultural business, and that reported receiving income from the Other Government Program in the last 12 months, have a per-household average amount of direct receipts from that program above the overall average for this group, and what is that amount (sorted highest to lowest)?",python_script_for_queries/SQL_TYPE_ALONE/v2/hh09dta_b2/query_000128.py,"[""ii_portad"", ""ii_su"", ""ii_in"", ""ii_nna""]","[""ii_portad_enriched.txt"", ""ii_su_enriched.txt"", ""ii_in_enriched.txt"", ""ii_nna_enriched.txt""]",hh09dta_b2,yes,multi_join,2.0,
"Among households in Oaxaca (ent = 20) that contain at least one interviewed person aged 60 or older and at least one under 30 (assessed within-household from paired respondents), how many such households are there by non-ag business ownership status (nna01: 1=Yes, 2=No)? Count each qualifying household once regardless of how many qualifying pairs it has.","In Oaxaca, how many households that include at least one member aged 60 or older and at least one member under 30 are there, grouped by whether any household member owns or shares a non-agricultural business (Yes vs No)?",python_script_for_queries/SQL_TYPE_ALONE/v2/hh09dta_b2/query_000129_repaired_v1.py,"[""ii_portad"", ""ii_nna"", ""ii_vlh""]","[""ii_portad_enriched.txt"", ""ii_nna_enriched.txt"", ""ii_vlh_enriched.txt""]",hh09dta_b2,yes,column_provenance,1.0,
"Among households that report feeling unsafe at home (vlh04 in {3,4}) and have lived in their current dwelling since 2005 or earlier (vlh02_2 <= 2005), restrict to households whose adult count (age >= 18) is above the mean adult count computed among households with at least one adult. Within this subset, what are the numerator and denominator counts for the share of households that produced or sold canned goods in the last 12 months (inr02b explicitly marked 1 = Yes), counting each household at most once even if multiple members responded and not treating missing values as No?","Among households with more adults (age 18+) than the overall average, whose members feel unsafe or very unsafe at home and have lived in their current home since 2005 or earlier, how many such households are there in total, and how many of them produced or sold canned goods in the last 12 months?",python_script_for_queries/SQL_TYPE_ALONE/v2/hh09dta_b2/query_000130.py,"[""ii_portad"", ""ii_inr"", ""ii_vlh""]","[""ii_portad_enriched.txt"", ""ii_inr_enriched.txt"", ""ii_vlh_enriched.txt""]",hh09dta_b2,yes,join_fanout,3.0,
"Among states, considering only households that both used a plot/land for cultivation (su01 = 1) and explicitly answered ""No"" (value 3) to producing/selling meat in the last 12 months (inr02c = 3), which states have at least 25 such households and, among those states, which have a maximum amount paid on debts in the last 12 months (crh03_2) above the average of these state-level maxima? Return the state code (ent), the number of qualifying households, and the state-level maximum paid, sorted by the maximum paid descending.","By state, among households that use a plot/land for sowing/farming/vegetables and did not produce or sell meat in the last 12 months, which states with at least 25 such households have a maximum amount paid on debts/loans in the last 12 months that is above the overall average of these state-level maxima, and what are the household counts and those maxima?",python_script_for_queries/SQL_TYPE_ALONE/v2/hh09dta_b2/query_000131.py,"[""ii_portad"", ""ii_inr"", ""ii_crh"", ""ii_nna"", ""ii_su""]","[""ii_portad_enriched.txt"", ""ii_inr_enriched.txt"", ""ii_crh_enriched.txt"", ""ii_nna_enriched.txt"", ""ii_su_enriched.txt""]",hh09dta_b2,yes,having,3.0,
"Among households that report using a plot of land for cultivation (su01 = 1), which households both have savings in a bank (crh01_1b indicates Bank) and report a positive expense on hired workers (su237) that is greater than the average workers’ expense computed only among those plot-using households? Return the household IDs and their workers’ expense, sorted from highest to lowest.","Which households that use a plot/land for farming and have bank savings spent more than the average on workers, and how much did they spend (Household ID and amount), sorted from highest to lowest?",python_script_for_queries/SQL_TYPE_ALONE/v2/hh09dta_b2/query_000132.py,"[""ii_portad"", ""ii_inr"", ""ii_crh"", ""ii_ah"", ""ii_su""]","[""ii_portad_enriched.txt"", ""ii_inr_enriched.txt"", ""ii_crh_enriched.txt"", ""ii_ah_enriched.txt"", ""ii_su_enriched.txt""]",hh09dta_b2,yes,scalar_filter,1.0,
"Among households in Oaxaca (ent=20) that have at least one interviewed member aged 18 or older, and that reported an explicit numeric value for total debts + interests in the last 12 months (crh04_1=1), what is the average total debts + interests (crh04_2, pesos) by plot-use status (su01: 1=Yes, 3=No)? Return only those plot-use categories whose average is strictly above the overall average among these Oaxaca households meeting the prior criteria.","Among households in Oaxaca with at least one member aged 18 or older that reported a numeric value for total debts plus interest, which group—those that use a plot/land for sowing/farming/vegetables (Yes) or those that do not (No)—has an average total debt (in pesos) above the overall average, listed from highest to lowest average debt?",python_script_for_queries/SQL_TYPE_ALONE/v2/hh09dta_b2/query_000133.py,"[""ii_portad"", ""ii_su"", ""ii_crh""]","[""ii_portad_enriched.txt"", ""ii_su_enriched.txt"", ""ii_crh_enriched.txt""]",hh09dta_b2,yes,multi_join,1.0,
"Among households that reported incurring debts in the last 12 months (crh02_1 = 1), how many households have at least one adult (edad >= 18) living with at least one child (edad < 18) in the same household? Count each household once even if multiple such adult–child pairs exist.",How many households that reported owing money on credit or loans in the last 12 months have at least one adult (age 18 or older) and at least one child (under 18) among their members?,python_script_for_queries/SQL_TYPE_ALONE/v2/hh09dta_b2/query_000134.py,"[""ii_portad"", ""ii_se"", ""ii_crh"", ""ii_nna""]","[""ii_portad_enriched.txt"", ""ii_se_enriched.txt"", ""ii_crh_enriched.txt"", ""ii_nna_enriched.txt""]",hh09dta_b2,yes,column_provenance,2.0,
"Among households that (i) have at least one member who owns a motor vehicle (ah03d = 1 in ii_ah), (ii) report feeling very safe at home (vlh04 = 1 in ii_vlh), and (iii) have a household size strictly above the overall average household size computed across all households (from ii_portad), what is the average total amount of debts plus interests in pesos (crh04_2) among those that explicitly reported a numeric value (crh04_1 = 1)?","What is the average total debt plus interest (in pesos) among households that are larger than the overall average household size, have at least one member who owns a motor vehicle, and report feeling very safe at home?",python_script_for_queries/SQL_TYPE_ALONE/v2/hh09dta_b2/query_000135.py,"[""ii_portad"", ""ii_crh"", ""ii_vlh"", ""ii_ah"", ""ii_su""]","[""ii_portad_enriched.txt"", ""ii_crh_enriched.txt"", ""ii_vlh_enriched.txt"", ""ii_ah_enriched.txt"", ""ii_su_enriched.txt""]",hh09dta_b2,yes,join_fanout,2.0,
"Among distinct households (distinct folios, not individual respondents) that received a positive amount directly from the Other Government Program in the last 12 months (in02a10 > 0), which states (ent) have at least 30 such households, and for those states, how many of these qualifying households also reported producing/selling dairy products (inr02a = 1)? Return the state code and both counts.","By state, which states have at least 30 households that received a positive amount directly from an Other Government Program, and for each of those states, how many such households are there in total and how many reported producing or selling dairy products in the last 12 months?",python_script_for_queries/SQL_TYPE_ALONE/v2/hh09dta_b2/query_000136.py,"[""ii_portad"", ""ii_inr"", ""ii_in"", ""ii_se""]","[""ii_portad_enriched.txt"", ""ii_inr_enriched.txt"", ""ii_in_enriched.txt"", ""ii_se_enriched.txt""]",hh09dta_b2,yes,having,1.0,
"Among households that reported a numerical debt value in the last 12 months (crh02_1 = 1), which households had a total number of robberies since 2005 (vlh18a) strictly above the overall average computed only among households that experienced at least one such event (vlh18a > 0, excluding zeros/no-events), regardless of debt status? Return the household ID (folio), vlh18a, and the recorded debt amount (crh02_2).","Which households reported a pesos amount owed on credit/loans in the last 12 months and have a total number of house/business/parcel robberies since 2005 greater than the average among households with any such robberies, and what are their Household ID, incident count, and owed amount?",python_script_for_queries/SQL_TYPE_ALONE/v2/hh09dta_b2/query_000137.py,"[""ii_portad"", ""ii_inr"", ""ii_crh"", ""ii_vlh""]","[""ii_portad_enriched.txt"", ""ii_inr_enriched.txt"", ""ii_crh_enriched.txt"", ""ii_vlh_enriched.txt""]",hh09dta_b2,yes,scalar_filter,1.0,
"Among Oaxaca (ent=20) households that have at least one adult resident (edad >= 18) in ii_portad, how many distinct households both reported using any plot of land for sowing/farming (su01 = 1 in ii_su) and explicitly received a positive amount directly from an 'Other Government Program' in the last 12 months (in01a10_1 = 1 and in02a10 > 0 in ii_in)? Count distinct households, not person-rows.","How many households in Oaxaca (state 20) with at least one member aged 18 or older use a plot of land for sowing/farming and, in the last 12 months, participated in and received income from an Other Government Program with a positive directly received amount?",python_script_for_queries/SQL_TYPE_ALONE/v2/hh09dta_b2/query_000138.py,"[""ii_portad"", ""ii_ah"", ""ii_nna"", ""ii_in"", ""ii_su""]","[""ii_portad_enriched.txt"", ""ii_ah_enriched.txt"", ""ii_nna_enriched.txt"", ""ii_in_enriched.txt"", ""ii_su_enriched.txt""]",hh09dta_b2,yes,multi_join,3.0,
"Among households that simultaneously include at least one older adult (edad ≥ 70) and at least one child (edad < 12) as distinct members within the same folio, which states (ent) have a number of such households that received Liconsa milk in the last 12 months (in03a = 1) above the national mean count across states? Return the state codes and their counts.","Which states have an above-national-average number of households that include both a senior aged 70 or older and a child under 12, and that reported receiving Liconsa milk in the last 12 months, and how many such households are there in each state?",python_script_for_queries/SQL_TYPE_ALONE/v2/hh09dta_b2/query_000139.py,"[""ii_portad"", ""ii_crh"", ""ii_in"", ""ii_se""]","[""ii_portad_enriched.txt"", ""ii_crh_enriched.txt"", ""ii_in_enriched.txt"", ""ii_se_enriched.txt""]",hh09dta_b2,yes,column_provenance,1.0,
"Among households that reported using a plot (su01=1), and that have at least one member aged 60 or older, what is the average amount directly received from the 'Other Government Program' (ii_in.in02a10) among those households where at least one member owns a motor vehicle (ah03d=1), grouped by state (ent)? Sort states by the average ascending.","By state, what is the average amount households directly received from Other Government Programs among households that use land for farming, own a motor vehicle, and have at least one member aged 60 or older, ranked from lowest to highest?",python_script_for_queries/SQL_TYPE_ALONE/v2/hh09dta_b2/query_000140.py,"[""ii_portad"", ""ii_su"", ""ii_ah"", ""ii_in""]","[""ii_portad_enriched.txt"", ""ii_su_enriched.txt"", ""ii_ah_enriched.txt"", ""ii_in_enriched.txt""]",hh09dta_b2,yes,join_fanout,2.0,
"Among states (ent), considering only households where at least one member explicitly reported owning electronic devices (ah03e=1) and also provided a device valuation (ah04e_1=1), count each household once by taking the highest reported device value per household when multiple members reported. Which states have an average household device value above the overall national average among such owners, restricting the results to states with at least 30 qualifying households? Return the state code (ent), the number of qualifying households, and the state average value.","Among households that own electronic devices and reported their value, which states have an average household electronic device value higher than the overall average across all such households, considering only states with at least 30 households? For each qualifying state, provide the state, the number of households, and the average value.",python_script_for_queries/SQL_TYPE_ALONE/v2/hh09dta_b2/query_000141.py,"[""ii_portad"", ""ii_nna"", ""ii_su"", ""ii_vlh"", ""ii_ah""]","[""ii_portad_enriched.txt"", ""ii_nna_enriched.txt"", ""ii_su_enriched.txt"", ""ii_vlh_enriched.txt"", ""ii_ah_enriched.txt""]",hh09dta_b2,yes,having,1.0,
"Among households that reported feeling unsafe or very unsafe at home (vlh04 in {3,4}) and that explicitly reported owning or sharing a non-agricultural business (nna01 = 1), which households have a total number of break-ins since 2005 (vlh18a) strictly above the average for that same subset?","Among households that own or share a non-agricultural business, which households that report feeling unsafe or very unsafe at home have a total number of times their house, business, or parcel was entered/robbed since 2005 above the average for this group, and what are their Household IDs, safety-at-home responses, and counts, sorted from highest to lowest?",python_script_for_queries/SQL_TYPE_ALONE/v2/hh09dta_b2/query_000142.py,"[""ii_portad"", ""ii_vlh"", ""ii_se"", ""ii_ah"", ""ii_nna""]","[""ii_portad_enriched.txt"", ""ii_vlh_enriched.txt"", ""ii_se_enriched.txt"", ""ii_ah_enriched.txt"", ""ii_nna_enriched.txt""]",hh09dta_b2,yes,scalar_filter,2.0,
"Among adult individuals (edad >= 18) living in Oaxaca (ent = 20) who report feeling safe or very safe at home (vlh04 in [1,2]) and live in households where at least one member owns a motor vehicle (ah03d = 1), and restricting to households that explicitly reported any break-in since 2005 (exclude explicit 'No' = 3 in vlh12a_c; do not treat missing as 'No'), how many such individuals are older than the average age within this exact subset?","Among adults (18+) in Oaxaca who live in households that report feeling very safe or safe at home and have at least one member who owns a motor vehicle, how many are older than this group's average age and live in households that have experienced a forced entry/robbery since 2005?",python_script_for_queries/SQL_TYPE_ALONE/v2/hh09dta_b2/query_000143.py,"[""ii_portad"", ""ii_vlh"", ""ii_ah""]","[""ii_portad_enriched.txt"", ""ii_vlh_enriched.txt"", ""ii_ah_enriched.txt""]",hh09dta_b2,yes,multi_join,3.0,
"Among Oaxaca households (ent=20) that received any direct income from an Other Government Program in the last 12 months (in02a10 > 0), how many both feel safe at home (vlh04 = very safe or safe) and agree that people are willing to help their neighbors (vlh01l = completely agree or agree), and have an in02a10 amount strictly above the average in02a10 across all Oaxaca households that received any such income?",How many households in Oaxaca that feel very safe or safe at home and agree people are willing to help their neighbors received a direct amount from Other Government Program (in02a10) above the average among Oaxaca households with positive receipts?,python_script_for_queries/SQL_TYPE_ALONE/v2/hh09dta_b2/query_000144.py,"[""ii_portad"", ""ii_vlh"", ""ii_in""]","[""ii_portad_enriched.txt"", ""ii_vlh_enriched.txt"", ""ii_in_enriched.txt""]",hh09dta_b2,yes,column_provenance,3.0,
"Among households that have at least one member aged 18–29 and report at least one break‑in/robbery of their house/business/parcel since 2005 (vlh18a > 0), what is the average number of non‑agricultural businesses owned/shared in the last 12 months (nna02) among those households for which not all of se01a–se01f are “No” (i.e., at least one of se01a–se01f is not 3)? Count each household once even if it has multiple 18–29 members or multiple crimes.","What is the average number of non-agricultural businesses owned or shared in the last 12 months by households that have at least one member aged 18–29, experienced any household shock in the last five years (death of a member, serious illness/accident/hospitalization, unemployment/business failure, loss of dwelling/business due to natural disaster, total crop loss, or loss/robbery/death of animals), and have had at least one break-in/robbery of a house, business, or parcel since 2005?",python_script_for_queries/SQL_TYPE_ALONE/v2/hh09dta_b2/query_000145.py,"[""ii_portad"", ""ii_se"", ""ii_vlh"", ""ii_nna"", ""ii_su""]","[""ii_portad_enriched.txt"", ""ii_se_enriched.txt"", ""ii_vlh_enriched.txt"", ""ii_nna_enriched.txt"", ""ii_su_enriched.txt""]",hh09dta_b2,yes,join_fanout,1.0,
"Among Mexican states (ent), considering only households where at least one household member reports owning a motor vehicle (ah03d = 1, from ii_ah) and counting each household once, which states have an average ‘feel safe at home’ score (vlh04: 1 very safe … 4 very unsafe) above the overall average for that same subset of households, and with at least 30 contributing households (non-missing vlh04) per state?","Among households where at least one member owns a motor vehicle, which states have at least 30 households and an average ‘Feel safe at home?’ score higher than the overall average for such households, and what are their average scores and household counts, ranked from highest (least safe) average to lowest?",python_script_for_queries/SQL_TYPE_ALONE/v2/hh09dta_b2/query_000146.py,"[""ii_portad"", ""ii_vlh"", ""ii_se"", ""ii_ah""]","[""ii_portad_enriched.txt"", ""ii_vlh_enriched.txt"", ""ii_se_enriched.txt"", ""ii_ah_enriched.txt""]",hh09dta_b2,yes,having,1.0,
"Among households that both use a plot of land (su01 = 1) and have at least one non-agricultural business (nna01 = 1), which households have fertilizer expenses (su231) strictly greater than the average pesticide expense (su233) observed among households that do not use any plot of land (su01 = 3)? Return the household IDs and their fertilizer expenses, sorted from highest to lowest.","Which Household IDs that use a plot/land for farming and own/share a non-agricultural business have chemical fertilizer expenses exceeding the average pesticide expense of households that do not use a plot, and what are those fertilizer expenses (sorted highest to lowest)?",python_script_for_queries/SQL_TYPE_ALONE/v2/hh09dta_b2/query_000147.py,"[""ii_portad"", ""ii_nna"", ""ii_in"", ""ii_su""]","[""ii_portad_enriched.txt"", ""ii_nna_enriched.txt"", ""ii_in_enriched.txt"", ""ii_su_enriched.txt""]",hh09dta_b2,yes,scalar_filter,3.0,
"Among households that both report feeling unsafe or very unsafe at home (vlh04 in {3,4}) and have a reported value for total debts + interests (crh04_1 = 1), and that include at least one interviewed individual aged 60 or older, which state (ent) has the highest average total debts + interests (crh04_2)? Count each household only once by first selecting a single household-level state from ii_portad before joining.","Which state has the highest average total household debt (debts + interest, in pesos) among households with at least one member aged 60 or older who feel unsafe or very unsafe at home, considering only states whose average is at or above the overall average for this group, and what is that average amount?",python_script_for_queries/SQL_TYPE_ALONE/v2/hh09dta_b2/query_000148_repaired_v1.py,"[""ii_portad"", ""ii_crh"", ""ii_vlh"", ""ii_in"", ""ii_inr""]","[""ii_portad_enriched.txt"", ""ii_crh_enriched.txt"", ""ii_vlh_enriched.txt"", ""ii_in_enriched.txt"", ""ii_inr_enriched.txt""]",hh09dta_b2,yes,multi_join,3.0,
"Among interviewed adults (edad >= 18) living in Oaxaca (ent = 20), how many distinct households received Liconsa Milk in the last 12 months (in03a = 1), broken down by whether at least one household member reported owning a motor vehicle (ah03d = 1 vs 3)? Count distinct households, not individual records.","Among households in Oaxaca with at least one adult (18+) interviewed that received Liconsa milk in the last 12 months, how many households have at least one member who owns a motor vehicle versus those that do not?",python_script_for_queries/SQL_TYPE_ALONE/v2/hh09dta_b2/query_000149.py,"[""ii_portad"", ""ii_in"", ""ii_ah"", ""ii_nna""]","[""ii_portad_enriched.txt"", ""ii_in_enriched.txt"", ""ii_ah_enriched.txt"", ""ii_nna_enriched.txt""]",hh09dta_b2,yes,column_provenance,2.0,
"Which states have a higher mean total debts + interests (crh04_2) among households that reported feeling unsafe at home (vlh04 = 3 or 4) than the national mean across all households with a recorded total-debts value (crh04_1 = 1)? For each qualifying state, report the mean age of the interviewed respondent among those unsafe households and sort states by the unsafe-household mean debt in descending order. Treat the household (folio) as the unit of analysis, not individual respondents, and only include households with crh04_1 = 1 when computing means.","Which states have an average household total debt (including interests) among households who feel unsafe or very unsafe at home that exceeds the national average across all households with reported debt values, and for each such state, what are the average total debt, the average age of respondents, and the number of these households, ordered from highest to lowest average debt?",python_script_for_queries/SQL_TYPE_ALONE/v2/hh09dta_b2/query_000150.py,"[""ii_portad"", ""ii_vlh"", ""ii_crh""]","[""ii_portad_enriched.txt"", ""ii_vlh_enriched.txt"", ""ii_crh_enriched.txt""]",hh09dta_b2,yes,join_fanout,2.0,
"Which states (ent) have an average number of household robberies since 2005 (vlh18a) that is above the national average, computed only among households that explicitly reported at least one such event (vlh18a > 0), counting each household once via its folio, and considering only states with at least 30 qualifying households?","Among states, considering only households that reported at least one break-in/robbery of a home, business, or parcel since 2005, which states have an average number of such incidents higher than the national average? Include only states with at least 30 qualifying households, sort by the average in descending order, and report each state's average and the number of households.",python_script_for_queries/SQL_TYPE_ALONE/v2/hh09dta_b2/query_000151.py,"[""ii_portad"", ""ii_vlh"", ""ii_nna"", ""ii_crh""]","[""ii_portad_enriched.txt"", ""ii_vlh_enriched.txt"", ""ii_nna_enriched.txt"", ""ii_crh_enriched.txt""]",hh09dta_b2,yes,having,2.0,
"Among interviewed individuals who live in households that reported using a plot/land for sowing/farming (su01 = 1 in ii_su), which states (ent) have how many such individuals who are older than the overall average age of these individuals nationwide, and what is their average age within that older-than-average group by state?","By state, among individuals living in households where a member uses a plot/land for farming (su01=1), how many are older than the overall average age across this subset, and what is their average age?",python_script_for_queries/SQL_TYPE_ALONE/v2/hh09dta_b2/query_000152.py,"[""ii_portad"", ""ii_se"", ""ii_su""]","[""ii_portad_enriched.txt"", ""ii_se_enriched.txt"", ""ii_su_enriched.txt""]",hh09dta_b2,yes,scalar_filter,1.0,
"Among households that have at least one interviewed member aged 60 or older and that reported a positive value for total debts plus interests (crh04_2 with crh04_1 = 1), consider only those whose total debts plus interests are above the average for that same subset of households. Within this restricted group, what is the average amount directly received from Other Government Programs (in02a10) among households that explicitly reported receiving such income (in01a10_1 = 1)?","Among households with at least one member aged 60 or older that reported a positive total debts plus interests amount, and whose debt is above the average for these senior households, what is the average amount in pesos received directly from the Other Government Program in the last 12 months (considering only households that reported receiving it)?",python_script_for_queries/SQL_TYPE_ALONE/v2/hh09dta_b2/query_000153.py,"[""ii_portad"", ""ii_crh"", ""ii_in"", ""ii_su""]","[""ii_portad_enriched.txt"", ""ii_crh_enriched.txt"", ""ii_in_enriched.txt"", ""ii_su_enriched.txt""]",hh09dta_b2,yes,multi_join,3.0,
"Among households in Oaxaca (ent = 20) that report owning/sharing a non‑ag business (nna01 = 1), how many ordered pairs of such households (within Oaxaca) exist where the left household’s interview was completed (rel = 20) and the right household’s interviewee is older than the average interviewee age across those Oaxaca business‑owner households? Count ordered pairs, not households or unordered pairs.","What is the count of ordered person pairs (A, B) in Oaxaca households that own or share a non‑agricultural business, where B’s age is above the overall average age of such individuals and A’s Result Interview equals 20?",python_script_for_queries/SQL_TYPE_ALONE/v2/hh09dta_b2/query_000154.py,"[""ii_portad"", ""ii_in"", ""ii_nna""]","[""ii_portad_enriched.txt"", ""ii_in_enriched.txt"", ""ii_nna_enriched.txt""]",hh09dta_b2,yes,column_provenance,1.0,
"Among households in Oaxaca (ent=20), what is the average total debts plus interests (crh04_2) for households where at least one member reports owning a motor vehicle (ah03d=1) and at least one (not necessarily the same) member reports owning financial assets/afores (ah03h=1)? Count each household once and include only households with a recorded debt value (crh04_1=1).","Among households in Oaxaca, what is the average total debts plus interest (in pesos) for those with at least one household member who owns a motor vehicle and at least one who owns financial assets/afores?",python_script_for_queries/SQL_TYPE_ALONE/v2/hh09dta_b2/query_000155.py,"[""ii_portad"", ""ii_ah"", ""ii_crh""]","[""ii_portad_enriched.txt"", ""ii_ah_enriched.txt"", ""ii_crh_enriched.txt""]",hh09dta_b2,yes,join_fanout,1.0,
"Among states (ent) that have at least 50 distinct households with at least one member who owns a motor vehicle (ah03d = 1), what is the average amount received directly from Other Government Program (in02a10) per state, computed only among those vehicle-owner households that reported a strictly positive in02a10? Return one row per qualifying state, sorted by the average descending.","Among states with at least 50 households where at least one household member owns a motor vehicle, what is the average amount received directly from the Other Government Program by those households that received a positive amount, ranked from highest to lowest by state?",python_script_for_queries/SQL_TYPE_ALONE/v2/hh09dta_b2/query_000156.py,"[""ii_portad"", ""ii_in"", ""ii_ah""]","[""ii_portad_enriched.txt"", ""ii_in_enriched.txt"", ""ii_ah_enriched.txt""]",hh09dta_b2,yes,having,3.0,
"Among households that own or share a non-agricultural business (nna01 = 1), which households received direct income from an Other Government Program (in02a10) strictly above the average in02a10 computed only among business-owning households who actually received that program (in01a10_1 = 1)? Return folio and in02a10, sorted by amount descending.","Among households where a member owns or shares a non-agricultural business and the household participated in and received income from an Other Government Program in the last 12 months, which Household IDs received an amount directly from that program greater than the average for this group, and what were those amounts, ordered from highest to lowest?",python_script_for_queries/SQL_TYPE_ALONE/v2/hh09dta_b2/query_000157.py,"[""ii_portad"", ""ii_in"", ""ii_nna""]","[""ii_portad_enriched.txt"", ""ii_in_enriched.txt"", ""ii_nna_enriched.txt""]",hh09dta_b2,yes,scalar_filter,1.0,
"Among Oaxaca households (ent = 20) that have at least one adult (edad ≥ 18), and that explicitly participated in and received income from the Other Government Program (in01a10_1 = 1 with positive in02a10), how many households (unique folio) report feeling Safe or Very safe at home (vlh04 in {1,2}) and also have in02a10 strictly above the average in02a10 computed only over that same eligible Oaxaca-adult household group (not the full dataset and not per individual)?","How many households in Oaxaca that have at least one adult (18+) received income from an Other Government Program with a positive direct amount that is above the average among such households, and whose members report feeling very safe or safe at home?",python_script_for_queries/SQL_TYPE_ALONE/v2/hh09dta_b2/query_000158.py,"[""ii_portad"", ""ii_in"", ""ii_vlh"", ""ii_inr""]","[""ii_portad_enriched.txt"", ""ii_in_enriched.txt"", ""ii_vlh_enriched.txt"", ""ii_inr_enriched.txt""]",hh09dta_b2,yes,multi_join,3.0,
"Among households that reported a numeric value for total debts + interests (crh04_1 = 1), how many households have an oldest interviewed member (max edad within the household) whose age is at least as high as the overall mean of these household-maximum ages across the debt-reporting households, split by whether they explicitly reported producing/selling dairy products in the last 12 months (inr02a = 1 Yes vs inr02a = 3 No)? Households with missing inr02a are excluded rather than treated as ""No"".","Among households that reported a value for total debts plus interests, how many have an oldest interviewed member at least as old as the average oldest age across these households, broken down by whether they produced or sold dairy products in the last 12 months (Yes vs No)?",python_script_for_queries/SQL_TYPE_ALONE/v2/hh09dta_b2/query_000159.py,"[""ii_portad"", ""ii_crh"", ""ii_inr""]","[""ii_portad_enriched.txt"", ""ii_crh_enriched.txt"", ""ii_inr_enriched.txt""]",hh09dta_b2,yes,column_provenance,3.0,
"By state (ent), among households where any member produced or sold dairy products in the last 12 months (inr02a=1), how many such households are there and, among them, how many received Liconsa milk in the last 12 months (in03a=1)? Count each household (folio) once using the household's state from ii_portad.","By state, how many households had any member produce or sell dairy products in the last 12 months, and among those households, how many also received Liconsa milk in the last 12 months?",python_script_for_queries/SQL_TYPE_ALONE/v2/hh09dta_b2/query_000160.py,"[""ii_portad"", ""ii_inr"", ""ii_in""]","[""ii_portad_enriched.txt"", ""ii_inr_enriched.txt"", ""ii_in_enriched.txt""]",hh09dta_b2,yes,join_fanout,2.0,
"Which states have at least 10 distinct households that (a) have at least one member aged 70 or older, (b) reported receiving 70 y más income in the last 12 months, (c) feel unsafe or very unsafe at home, and (d) did not report knowing anyone kidnapped in the last 12 months? Return the states and the qualifying household counts, sorted descending.","By state, how many households have at least one resident aged 70 or older, received the '70 y más' benefit in the last 12 months, feel unsafe or very unsafe at home, and do not report knowing a family or friend kidnapped in the last 12 months—showing only states with at least 10 such households, sorted from highest to lowest?",python_script_for_queries/SQL_TYPE_ALONE/v2/hh09dta_b2/query_000161.py,"[""ii_portad"", ""ii_vlh"", ""ii_in""]","[""ii_portad_enriched.txt"", ""ii_vlh_enriched.txt"", ""ii_in_enriched.txt""]",hh09dta_b2,yes,having,3.0,
"Which interviewed individuals in Oaxaca (ent = 20) who live in households that reported owning/sharing a non‑ag business (nna01 = 1) have an age at least as high as the average age among interviewed individuals in Oaxaca who live in households that reported not owning/sharing a non‑ag business (nna01 = 2)? Return folio, ls, and edad.","Which individuals in Oaxaca (ent=20) who live in households that own or share a non-agricultural business have an age greater than or equal to the average age of individuals in Oaxaca from households without such a business, and what are their household ID (folio), individual ID (ls), and age?",python_script_for_queries/SQL_TYPE_ALONE/v2/hh09dta_b2/query_000162.py,"[""ii_portad"", ""ii_nna"", ""ii_inr""]","[""ii_portad_enriched.txt"", ""ii_nna_enriched.txt"", ""ii_inr_enriched.txt""]",hh09dta_b2,yes,scalar_filter,1.0,
How many interviewed individuals aged 18 or older in Oaxaca (ent=20) live in households that both own a motor vehicle (ah03d=1) and have total debts plus interests (crh04_2) strictly above the Oaxaca-wide average computed only among debt-reporting households (crh04_1=1)?,How many adults (18 or older) in Oaxaca live in households that own a motor vehicle and whose household’s reported total debts plus interest exceed the state’s average (calculated among Oaxaca households with reported values)?,python_script_for_queries/SQL_TYPE_ALONE/v2/hh09dta_b2/query_000163.py,"[""ii_portad"", ""ii_inr"", ""ii_ah"", ""ii_crh""]","[""ii_portad_enriched.txt"", ""ii_inr_enriched.txt"", ""ii_ah_enriched.txt"", ""ii_crh_enriched.txt""]",hh09dta_b2,yes,multi_join,3.0,
"Among households in Oaxaca (ent = 20) that explicitly answered “No” to having had a forced entry/robbery to their dwelling since 2005 (vlh12a_c = 3), considering only the household head as identified in the roster (ii_portad.ls = '01') and restricting the asset record to the head (ii_ah.ls = 1) who reported a positive peso value for electronic devices (ah04e_1 = 1 and ah04e_2 > 0), how many such heads reported an electronic-device value above the average within this same subset, and what is their average age?","Among adult household heads in Oaxaca whose households answered “No” to the question “No had entered force robbery in the household since 2005?” and who reported a positive value for electronic devices, how many have an electronic‑device value above the overall average for this group, and what is their average age?",python_script_for_queries/SQL_TYPE_ALONE/v2/hh09dta_b2/query_000164.py,"[""ii_portad"", ""ii_in"", ""ii_ah"", ""ii_vlh"", ""ii_crh""]","[""ii_portad_enriched.txt"", ""ii_in_enriched.txt"", ""ii_ah_enriched.txt"", ""ii_vlh_enriched.txt"", ""ii_crh_enriched.txt""]",hh09dta_b2,yes,column_provenance,1.0,
"Among households that reported any disease/accident/hospitalization event in the last five years (se01b = 1) and have at least one adult member (edad >= 18), what is the average total debts plus interests (crh04_2, only where crh04_1 = 1) by state (ent) and by whether the household owns/shares a non‑agricultural business (nna01 = 1 vs 2), considering only those households whose reported total debt exceeds the overall mean debt across all impacted households (with se01b = 1 and crh04_1 = 1)?","Among households that experienced a disease/accident/hospitalization in the last five years, have at least one adult (age 18+), and reported a value for total debts plus interest, what is the average total debt (in pesos) and the number of households for those whose debt exceeds the overall average for such households, broken down by state and by whether the household owns or shares a non‑agricultural business?",python_script_for_queries/SQL_TYPE_ALONE/v2/hh09dta_b2/query_000165.py,"[""ii_portad"", ""ii_su"", ""ii_nna"", ""ii_crh"", ""ii_se""]","[""ii_portad_enriched.txt"", ""ii_su_enriched.txt"", ""ii_nna_enriched.txt"", ""ii_crh_enriched.txt"", ""ii_se_enriched.txt""]",hh09dta_b2,yes,join_fanout,3.0,
"Among households that explicitly answered ""No"" to knowing any family or friend robbed in the last 12 months (vlh10a = 3), which states (ent) have an average perceived safety-at-home score (vlh04; 1=very safe, 4=very unsafe) that is at least ""Unsafe"" (average >= 3) and also exceeds the national average among that same subset? Return the state code, the average score, and the number of households.","Among households who answered 'No' to knowing a family or friend who was robbed in the last 12 months, which states have an average response to 'Do you feel safe at home?' of 3 or higher (Unsafe/Very unsafe) that is above the national average for this group, and what are the average scores and household counts for those states, ranked from highest (least safe) to lowest?",python_script_for_queries/SQL_TYPE_ALONE/v2/hh09dta_b2/query_000166.py,"[""ii_portad"", ""ii_vlh"", ""ii_crh"", ""ii_se""]","[""ii_portad_enriched.txt"", ""ii_vlh_enriched.txt"", ""ii_crh_enriched.txt"", ""ii_se_enriched.txt""]",hh09dta_b2,yes,having,2.0,
"Among households that reported receiving Liconsa milk in the last 12 months (in03a = 1), which interviewed household members feel unsafe at home (vlh04 = 3 or 4) and are older than the average interviewed age computed only within that same Liconsa-recipient group? Return their folio, edad, and vlh04.","Among households that received Liconsa milk in the last 12 months, which individuals (by household ID) live in households that feel unsafe or very unsafe at home (vlh04 = 3 or 4) and are older than the overall average Age Interviewed of individuals in Liconsa‑receiving households?",python_script_for_queries/SQL_TYPE_ALONE/v2/hh09dta_b2/query_000167.py,"[""ii_portad"", ""ii_in"", ""ii_vlh"", ""ii_su""]","[""ii_portad_enriched.txt"", ""ii_in_enriched.txt"", ""ii_vlh_enriched.txt"", ""ii_su_enriched.txt""]",hh09dta_b2,yes,scalar_filter,1.0,
"Among households that used a plot/land (su01=1) and have at least one interviewed adult aged 18 or older, which states (ent) have an above-average number of such households that reported having any debt in the last 12 months (crh02_1=1)? Count each household only once even if multiple adults are interviewed.","Which states have more than the average number of households that use a plot of land for farming and reported owing money on credit/loans in the last 12 months (considering only households with at least one adult), and how many such households are there in each state, ranked from highest to lowest?",python_script_for_queries/SQL_TYPE_ALONE/v2/hh09dta_b2/query_000168.py,"[""ii_portad"", ""ii_crh"", ""ii_su"", ""ii_inr""]","[""ii_portad_enriched.txt"", ""ii_crh_enriched.txt"", ""ii_su_enriched.txt"", ""ii_inr_enriched.txt""]",hh09dta_b2,yes,multi_join,3.0,
"Among Oaxaca (ent=20) households that reported a numeric value for total debts + interests (crh04_1 = 1), what is the average total debts + interests (crh04_2, pesos) for those households that contain at least one member aged 60 or older and at least one other member under 30 living in the same household, considering only those such households whose total debt is at least as large as the Oaxaca-wide average among all households with recorded debt values? Do not treat missing or DK debt entries as zero.","Among households in Oaxaca that have at least one member aged 60 or older and at least one member younger than 30, what is the average total debts plus interests (in pesos) for those households whose total debt is greater than or equal to the Oaxaca-wide average among indebted households?",python_script_for_queries/SQL_TYPE_ALONE/v2/hh09dta_b2/query_000169.py,"[""ii_portad"", ""ii_crh"", ""ii_se""]","[""ii_portad_enriched.txt"", ""ii_crh_enriched.txt"", ""ii_se_enriched.txt""]",hh09dta_b2,yes,column_provenance,2.0,
"Among Oaxaca households (ent = 20) that have at least one adult (edad >= 18) and at least one reported electronic-device value, how many distinct households where at least one member produced/sold crafts in the last 12 months (inr02f = 1) have a total electronic-device value greater than the Oaxaca-wide average computed across all such adult Oaxaca households with reported electronic-device value (not just among craft-producing households)?",How many Oaxaca households with at least one adult (age 18+) that produced or sold crafts in the last 12 months have a total reported value of electronic devices above the average for Oaxaca households with at least one adult that own electronic devices with reported values?,python_script_for_queries/SQL_TYPE_ALONE/v2/hh09dta_b2/query_000170.py,"[""ii_portad"", ""ii_inr"", ""ii_ah""]","[""ii_portad_enriched.txt"", ""ii_inr_enriched.txt"", ""ii_ah_enriched.txt""]",hh09dta_b2,yes,join_fanout,3.0,
"Among states with at least 30 households that (a) have at least one interviewed adult (edad ≥ 18), (b) reported owning/sharing a non-ag business (nna01 = 1), and (c) provided a valid answer about feeling safe at home (vlh04 ∈ {1,2,3,4}), which states have an above-average number (relative to those qualifying states) of such households that started living in their current home in 2005 or later (vlh02_2 ≥ 2005)? Return the state code (ent), the total number of qualifying households, and the number living there since 2005+, sorted by the latter descending.","By state, among households that include an adult (age ≥ 18), have a member who owns or shares a non‑agricultural business, and answered the “Feel safe at home” question, which states have at least 30 such households, and for those states what are the total number of these households and how many have lived in their home since 2005 or later? Show only states whose post‑2005 count is at or above the average across the qualifying states, ordered by that count descending.",python_script_for_queries/SQL_TYPE_ALONE/v2/hh09dta_b2/query_000171.py,"[""ii_portad"", ""ii_nna"", ""ii_inr"", ""ii_vlh""]","[""ii_portad_enriched.txt"", ""ii_nna_enriched.txt"", ""ii_inr_enriched.txt"", ""ii_vlh_enriched.txt""]",hh09dta_b2,yes,having,3.0,
"Among interviewed individuals living in households that both used a plot of land for agriculture (su01 = 1) and produced/sold honey in the last 12 months (inr02i = 1), which states (ent) have a mean age strictly greater than the overall mean age of those same individuals? Return the state code and its mean age, sorted descending by the state mean age.","Among households that use land for farming and produced/sold honey in the last 12 months, which states have an average age of interviewed individuals higher than the overall average across these households, and what is that average age for each state (sorted from highest to lowest)?",python_script_for_queries/SQL_TYPE_ALONE/v2/hh09dta_b2/query_000172.py,"[""ii_portad"", ""ii_inr"", ""ii_su""]","[""ii_portad_enriched.txt"", ""ii_inr_enriched.txt"", ""ii_su_enriched.txt""]",hh09dta_b2,yes,scalar_filter,1.0,
"By state (ent), among households that reported a household member’s death in the last five years (se01a = 1), what proportion of households—counting each household at most once—have both (a) at least one adult member (edad >= 18) and (b) at least one household member who personally owns a domestic appliance (ah03g = 1), not necessarily the same person? Return the numerator (households meeting both a and b) and the denominator (all death-reporting households) per state.","For each state, among households that reported a household member’s death in the last five years, how many households had at least one adult (age 18+) and at least one member who owns a domestic appliance, and how many households reported such a death in total?",python_script_for_queries/SQL_TYPE_ALONE/v2/hh09dta_b2/query_000173.py,"[""ii_portad"", ""ii_se"", ""ii_ah""]","[""ii_portad_enriched.txt"", ""ii_se_enriched.txt"", ""ii_ah_enriched.txt""]",hh09dta_b2,yes,multi_join,1.0,
"Among households that reported in the last 5 years a serious illness/accident/hospitalization of a household member (se01b = 1), how many households contain at least one pair of members where one interviewed person is aged 60 or older and another is younger than 15, and that in the last 12 months participated in and received income from the 'Other Government Program' (in01a10_1 = 1)?","How many households have at least one member aged 60 or older and at least one member younger than 15, reported a household illness/accident/hospitalization in the last five years, and received income from an Other Government Program in the last 12 months?",python_script_for_queries/SQL_TYPE_ALONE/v2/hh09dta_b2/query_000174.py,"[""ii_portad"", ""ii_se"", ""ii_in"", ""ii_nna""]","[""ii_portad_enriched.txt"", ""ii_se_enriched.txt"", ""ii_in_enriched.txt"", ""ii_nna_enriched.txt""]",hh09dta_b2,yes,column_provenance,1.0,
"Among Oaxaca households (identified at the household level even though state ent is recorded per individual in ii_portad), what is the average value of electronic devices (ah04e_2) for households that both (i) used a plot/land (su01=1) and spent on farm workers (su237) strictly above the mean workers’ expense computed only among Oaxaca plot-using households, and (ii) explicitly reported a numeric total debts+interests value (crh04_1=1 and crh04_2>0)? Compute the statistic per household, not per individual or per asset record.","Among households in Oaxaca that use a plot for farming, what is the average value (in pesos) of their electronic devices for those with a reported positive total debt and whose total expense on agricultural workers is above the average across Oaxaca plot-using households?",python_script_for_queries/SQL_TYPE_ALONE/v2/hh09dta_b2/query_000175.py,"[""ii_portad"", ""ii_crh"", ""ii_ah"", ""ii_inr"", ""ii_su""]","[""ii_portad_enriched.txt"", ""ii_crh_enriched.txt"", ""ii_ah_enriched.txt"", ""ii_inr_enriched.txt"", ""ii_su_enriched.txt""]",hh09dta_b2,yes,join_fanout,3.0,
"Among households that both reported using a plot of land (su01 = 1) and provided an explicit peso value for total debts plus interests (crh04_1 = 1, using crh04_2), restrict to those households whose own total debts exceed the overall mean across such agricultural indebted households nationwide. Among this restricted set, which states (ent) have an average total debts+interests per household above 10,000 pesos? Return the state code and the average.","Among households that use a plot or land for farming and have a recorded total debt (debts plus interest), which states have an average household total debt—computed only from households whose debt exceeds the overall average across this group—greater than 10,000 pesos, and what is that average by state?",python_script_for_queries/SQL_TYPE_ALONE/v2/hh09dta_b2/query_000176.py,"[""ii_portad"", ""ii_crh"", ""ii_su""]","[""ii_portad_enriched.txt"", ""ii_crh_enriched.txt"", ""ii_su_enriched.txt""]",hh09dta_b2,yes,having,3.0,
"Among households in Oaxaca (ent=20) that explicitly reported a value for total debts plus interests (crh04_1=1), which households received a positive direct amount from an Other Government Program (in02a10 > 0) that is at least as large as the average in02a10 among similarly indebted households outside Oaxaca who also received a positive amount? Return the household IDs along with their total debts amount (crh04_2) and the in02a10 amount.","Which households in Oaxaca that reported a numeric value for total debts and interests received a positive direct amount from the Other Government Program that is at least as high as the average such amount among households in other states who also reported a debt value and a positive program amount, and what are their Household IDs, total debts+interests in pesos, and the received amount?",python_script_for_queries/SQL_TYPE_ALONE/v2/hh09dta_b2/query_000177.py,"[""ii_portad"", ""ii_crh"", ""ii_in""]","[""ii_portad_enriched.txt"", ""ii_crh_enriched.txt"", ""ii_in_enriched.txt""]",hh09dta_b2,yes,scalar_filter,3.0,
"Among households in Oaxaca (ent=20) whose oldest interviewed member is at least 18 years old, what is the average number of times they report being robbed in house/business/parcel since 2005 (vlh18a) for those households that both own/share a non-agricultural business (nna01=1) and have a robbery count at least as high as the Oaxaca adult-household average? Treat households as distinct entities (one row per folio when deriving age/state) and exclude households without a recorded business-ownership response.","Among households in Oaxaca with at least one adult (18+), what is the average number of times since 2005 that their house, business, or parcel was entered or robbed, considering only those households that own or share a non‑agricultural business and whose total is at or above the Oaxaca statewide average?",python_script_for_queries/SQL_TYPE_ALONE/v2/hh09dta_b2/query_000178.py,"[""ii_portad"", ""ii_su"", ""ii_nna"", ""ii_vlh""]","[""ii_portad_enriched.txt"", ""ii_su_enriched.txt"", ""ii_nna_enriched.txt"", ""ii_vlh_enriched.txt""]",hh09dta_b2,yes,multi_join,2.0,
"Among adults (edad >= 18) interviewed in Oaxaca (ent = 20) who live in households that experienced a forced entry into the current dwelling since 2005 (vlh12a_a = 1), what is the mean age by whether any household member owns poultry (ah03m = 1 anywhere in ii_ah for the same folio), considering only those adults who are strictly older than the overall mean age within this subset?","Among adults (18+) in Oaxaca living in households that experienced a forced-entry robbery of their current dwelling since 2005, what is the average age and the number of adults who are older than the group’s overall mean age, split by whether any household member owns poultry?",python_script_for_queries/SQL_TYPE_ALONE/v2/hh09dta_b2/query_000179.py,"[""ii_portad"", ""ii_su"", ""ii_se"", ""ii_vlh"", ""ii_ah""]","[""ii_portad_enriched.txt"", ""ii_su_enriched.txt"", ""ii_se_enriched.txt"", ""ii_vlh_enriched.txt"", ""ii_ah_enriched.txt""]",hh09dta_b2,yes,column_provenance,2.0,
"Among households in Oaxaca (ent=20) that reported a numeric value for total debts plus interests (crh04_1=1), what is the average household motor-vehicle value (ah04d_2), counting only households that explicitly reported owning a motor vehicle (ah03d=1) and ensuring each household is counted once even if multiple individuals answered the asset module?",What is the average reported value of motor vehicles among households in Oaxaca that own a motor vehicle and reported a value for their total debts and interests?,python_script_for_queries/SQL_TYPE_ALONE/v2/hh09dta_b2/query_000180.py,"[""ii_portad"", ""ii_ah"", ""ii_crh"", ""ii_se"", ""ii_in""]","[""ii_portad_enriched.txt"", ""ii_ah_enriched.txt"", ""ii_crh_enriched.txt"", ""ii_se_enriched.txt"", ""ii_in_enriched.txt""]",hh09dta_b2,yes,join_fanout,3.0,
"Which states (ent) have at least 50 households that include at least one interviewed adult (edad >= 18), and among those qualifying households in each such state, how many explicitly report owning an electronic device (ah03e = 1)? Return the state code and the household count, counting each household at most once and treating only explicit Yes responses as ownership.","Among states with at least 50 households that include an adult (age 18+), how many households in each state own an electronic device, ranked from highest to lowest?",python_script_for_queries/SQL_TYPE_ALONE/v2/hh09dta_b2/query_000181.py,"[""ii_portad"", ""ii_nna"", ""ii_ah""]","[""ii_portad_enriched.txt"", ""ii_nna_enriched.txt"", ""ii_ah_enriched.txt""]",hh09dta_b2,yes,having,1.0,
"Among households that have at least one recorded break-in/forced entry since 2005 (i.e., with a positive count, not just missing), which 5 states (ent codes from ii_portad) have the most households whose number of such incidents since 2005 exceeds the overall average among those robbed households? Return the state code and the count, sorted descending.",Which five states have the most households whose total number of house/business/parcel robberies since 2005 is above the overall average among households that experienced at least one such incident?,python_script_for_queries/SQL_TYPE_ALONE/v2/hh09dta_b2/query_000182.py,"[""ii_portad"", ""ii_ah"", ""ii_inr"", ""ii_vlh""]","[""ii_portad_enriched.txt"", ""ii_ah_enriched.txt"", ""ii_inr_enriched.txt"", ""ii_vlh_enriched.txt""]",hh09dta_b2,yes,scalar_filter,1.0,
"Among households that have at least one adult (age >= 18) — counting each household only once even if multiple adults live there — and considering only explicit Yes responses, which states (ent) have a count of households that both sold meat in the last 12 months (inr02c=1) and experienced an illness/accident/hospitalization in the last 5 years (se01b=1) greater than or equal to the national average such count among those adult-households?","Which states have a count of households—with at least one adult (age 18+), that produced or sold meat in the last 12 months, and that experienced a disease/accident/hospitalization in the past five years—greater than or equal to the average such count across all states, and what is that count for each of those states?",python_script_for_queries/SQL_TYPE_ALONE/v2/hh09dta_b2/query_000183.py,"[""ii_portad"", ""ii_inr"", ""ii_se""]","[""ii_portad_enriched.txt"", ""ii_inr_enriched.txt"", ""ii_se_enriched.txt""]",hh09dta_b2,yes,multi_join,2.0,
"Among households that reported exact peso values for both money owed in the last 12 months (crh02_1=1) and money paid in the last 12 months (crh03_1=1), and whose amount paid (crh03_2) exceeds both their amount owed (crh02_2) and the overall average owed among value-reporting households, how many such distinct households own/share a non-ag business (nna01=1) in each state (ent)? Count distinct households after merging to the person-level roster (ii_portad), not person rows.","Rank states by the number of households in which a member owns or shares a non-agricultural business and that, in the last 12 months, reported paying more on debts than they borrowed, with payments also exceeding the average borrowed amount among indebted households.",python_script_for_queries/SQL_TYPE_ALONE/v2/hh09dta_b2/query_000184_repaired_v1.py,"[""ii_portad"", ""ii_se"", ""ii_nna"", ""ii_crh""]","[""ii_portad_enriched.txt"", ""ii_se_enriched.txt"", ""ii_nna_enriched.txt"", ""ii_crh_enriched.txt""]",hh09dta_b2,yes,column_provenance,2.0,
"Among Oaxaca (ent=20) households that have at least one adult (aged 18+), what is the average age of the oldest interviewed person per household, considering only households where at least one member reported producing/selling eggs in the last 12 months? Each household must be counted once regardless of how many members reported egg production.","Among households in Oaxaca that reported producing or selling eggs in the last 12 months and have at least one adult (age 18+), what is the average age of the oldest household member?",python_script_for_queries/SQL_TYPE_ALONE/v2/hh09dta_b2/query_000185.py,"[""ii_portad"", ""ii_nna"", ""ii_su"", ""ii_inr""]","[""ii_portad_enriched.txt"", ""ii_nna_enriched.txt"", ""ii_su_enriched.txt"", ""ii_inr_enriched.txt""]",hh09dta_b2,yes,join_fanout,2.0,
"Among states represented by at least 20 distinct households that both used a plot of land for cultivation (su01 = 1 in ii_su) and explicitly reported a numeric value for total debts plus interest (crh04_1 = 1 in ii_crh), which states have an average total debt (crh04_2) above the nationwide average across these qualifying households? Return the state codes with their counts of qualifying households and average debt, sorted by average debt descending.","Among households that use a plot/land for sowing/farming, which states have at least 20 households with a reported total debts + interests amount and an average total debts + interests (in pesos) above the overall average across these households? List each qualifying state with the number of households and its average debt, sorted from highest to lowest average debt.",python_script_for_queries/SQL_TYPE_ALONE/v2/hh09dta_b2/query_000186.py,"[""ii_portad"", ""ii_crh"", ""ii_su""]","[""ii_portad_enriched.txt"", ""ii_crh_enriched.txt"", ""ii_su_enriched.txt""]",hh09dta_b2,yes,having,2.0,
"Among households that both use agricultural land (su01 = 1) and reported participating and receiving income from the 'Other Government Program' (in01a10_1 = 1), which households received a positive direct amount from that program (in02a10 > 0) strictly greater than the average positive amount among those same qualifying households? Return their Household ID (folio) and the amount (in02a10).","Among households where a member uses land for farming, which households that participated in an Other Government Program in the last 12 months received a positive direct payment from that program greater than the average for this group, and what are their Household IDs and amounts received?",python_script_for_queries/SQL_TYPE_ALONE/v2/hh09dta_b2/query_000187.py,"[""ii_portad"", ""ii_in"", ""ii_su""]","[""ii_portad_enriched.txt"", ""ii_in_enriched.txt"", ""ii_su_enriched.txt""]",hh09dta_b2,yes,scalar_filter,1.0,
"Among households that both reported a household member’s death in the last 5 years (se01a = 1) and reported a total debts value (crh04_1 = 1), how many such households per state (ent) have at least one interviewed individual aged 60 or older, and how many total such households are there per state? Use distinct households (folio) as the unit, not individual rows.","For each state, among households that reported a death of a member in the last five years and provided a value for total debts plus interests, how many have at least one person aged 60 or older, and how many such households are there in total?",python_script_for_queries/SQL_TYPE_ALONE/v2/hh09dta_b2/query_000188.py,"[""ii_portad"", ""ii_se"", ""ii_nna"", ""ii_crh""]","[""ii_portad_enriched.txt"", ""ii_se_enriched.txt"", ""ii_nna_enriched.txt"", ""ii_crh_enriched.txt""]",hh09dta_b2,yes,multi_join,2.0,
"Which states have an above-national-average mean of the last-12-month quantity of dairy products sold (inr03a), among households that have at least one interviewed adult (edad >= 18) and an ii_inr record with ls = 2 (using ls_y after the join), and that reported producing/selling dairy food (inr02a = 1)? Compute state means at the household level (distinct folio: count each household once by taking the maximum inr03a within the household to avoid row-duplication).","Which states have an above-national-average mean household quantity of dairy products sold in the last 12 months, considering households where an adult (age 18+) member with individual ID 2 reported producing/selling dairy products, and what is that mean for each such state?",python_script_for_queries/SQL_TYPE_ALONE/v2/hh09dta_b2/query_000189.py,"[""ii_portad"", ""ii_su"", ""ii_inr"", ""ii_nna"", ""ii_se""]","[""ii_portad_enriched.txt"", ""ii_su_enriched.txt"", ""ii_inr_enriched.txt"", ""ii_nna_enriched.txt"", ""ii_se_enriched.txt""]",hh09dta_b2,yes,column_provenance,1.0,
"Among Oaxaca (ent = 20) households that reported receiving Liconsa milk in the last 12 months (in03a = 1), how many such households have an average member age strictly above the overall Oaxaca household average age (computed across all Oaxaca households, not just those receiving Liconsa), and what is their mean household total value of electronic devices (ah04e_2) aggregated across members?","Among households in Oaxaca that reported receiving Liconsa milk in the last 12 months, what is the average total value of their electronic devices and how many households meet this criterion, considering only those whose household average member age is above the overall Oaxaca household average age?",python_script_for_queries/SQL_TYPE_ALONE/v2/hh09dta_b2/query_000190.py,"[""ii_portad"", ""ii_se"", ""ii_nna"", ""ii_in"", ""ii_ah""]","[""ii_portad_enriched.txt"", ""ii_se_enriched.txt"", ""ii_nna_enriched.txt"", ""ii_in_enriched.txt"", ""ii_ah_enriched.txt""]",hh09dta_b2,yes,join_fanout,2.0,
"Which Mexican states (ent) have an average number of break-ins since 2005 (vlh18a) among households that both feel safe at home (vlh04 in {1,2}) and own/share a non‑agricultural business (nna01=1) strictly above the national average computed over the same subset, considering only states with at least 50 such qualifying households? Return the state code and the average.","Among households that feel very safe or safe at home and have a member who owns or shares a non-agricultural business, which states have an average number of break-ins/robberies of the home, business, or parcel since 2005 (vlh18a) above the national average for this group, considering only states with at least 50 such households, and what are those averages and household counts, ordered from highest to lowest average?",python_script_for_queries/SQL_TYPE_ALONE/v2/hh09dta_b2/query_000191.py,"[""ii_portad"", ""ii_vlh"", ""ii_su"", ""ii_nna""]","[""ii_portad_enriched.txt"", ""ii_vlh_enriched.txt"", ""ii_su_enriched.txt"", ""ii_nna_enriched.txt""]",hh09dta_b2,yes,having,1.0,
"Among households in Oaxaca (ent=20) that both (a) reported producing/selling eggs in the last 12 months (inr02d=1) and (b) reported using a plot/land for sowing/farming (su01=1), which households have a household-level total of last-month eggs sold (sum of inr04d across all household members) at least as high as the national average of that same household-level total among all households that meet (a) and (b)? Return the Household ID (folio) and the total.","Among households in Oaxaca that use a plot of land for farming and reported producing/selling eggs in the last 12 months, which household IDs sold at least the national average number of eggs last month, and how many did they sell?",python_script_for_queries/SQL_TYPE_ALONE/v2/hh09dta_b2/query_000192.py,"[""ii_portad"", ""ii_se"", ""ii_su"", ""ii_inr""]","[""ii_portad_enriched.txt"", ""ii_se_enriched.txt"", ""ii_su_enriched.txt"", ""ii_inr_enriched.txt""]",hh09dta_b2,yes,scalar_filter,2.0,
"By state (ent), how many individuals aged 18 or older live in households that reported their locality is ""completely disagree"" with being close (vlh01k = 4) and explicitly reported total debts + interests above $5,000 (crh04c = 2)? Count individuals (not households) and exclude cases where the household did not answer the debts bracket (i.e., crh04c is missing).","By state, how many adults aged 18 or older live in households that completely disagree that their locality is close and report total debts plus interests greater than $5,000?",python_script_for_queries/SQL_TYPE_ALONE/v2/hh09dta_b2/query_000193.py,"[""ii_portad"", ""ii_inr"", ""ii_vlh"", ""ii_crh""]","[""ii_portad_enriched.txt"", ""ii_inr_enriched.txt"", ""ii_vlh_enriched.txt"", ""ii_crh_enriched.txt""]",hh09dta_b2,yes,multi_join,2.0,
"Among interviewed individuals (ii_portad) who live in households that, according to the assets module (ii_ah), reported owning an electronic device (ah03e=1), return by state (ent): (a) the number of individuals aged 18–24 (inclusive) and (b) the total number of individuals from those households; then keep only states where the 18–24 count is above the national average of that count among these states.","Which states have more 18–24-year-old individuals living in households that report owning an electronic device than the average across states, and for each such state, what are the number of these 18–24-year-olds and the total number of individuals living in device-owning households, ranked by the 18–24 count?",python_script_for_queries/SQL_TYPE_ALONE/v2/hh09dta_b2/query_000194.py,"[""ii_portad"", ""ii_ah"", ""ii_se""]","[""ii_portad_enriched.txt"", ""ii_ah_enriched.txt"", ""ii_se_enriched.txt""]",hh09dta_b2,yes,column_provenance,2.0,
"In Oaxaca (ent=20), among households that both (i) have at least one member aged 65 or older and (ii) reported a household member’s death in the last five years (se01a=1), and (iii) explicitly provided a value for total debts plus interests (crh04_1=1), how many such households have total debt (crh04_2) strictly above the Oaxaca-wide average total debt computed across all indebted households in Oaxaca? Note: at least one 65+ means any member qualifies (not the average age), and the Oaxaca benchmark must include all indebted households in Oaxaca, not just the elderly/death subset.",How many households in Oaxaca whose oldest member is at least 65 years old and that reported a household member's death in the last five years have a total debts plus interests amount (in pesos) greater than the average among Oaxaca households with reported amounts?,python_script_for_queries/SQL_TYPE_ALONE/v2/hh09dta_b2/query_000195.py,"[""ii_portad"", ""ii_crh"", ""ii_se""]","[""ii_portad_enriched.txt"", ""ii_crh_enriched.txt"", ""ii_se_enriched.txt""]",hh09dta_b2,yes,join_fanout,3.0,
"Among states (ent), considering only households that both used a plot for farming (su01=1 in ii_su) and reported losing their dwelling/business due to a natural disaster in the last five years (se01d=1 in ii_se), which states have at least 10 such households and whose average expense on seeds (su234) is strictly above the overall average among these qualifying households? Return the state code, the number of qualifying households, and the average seed expense.","By state, among households that use agricultural plots and reported losing their home or business to a natural disaster in the last five years, which states with at least 10 such households have an average seeds expense per household above the overall average across these households, and what are the household counts and average seeds expenses for those states ranked from highest to lowest?",python_script_for_queries/SQL_TYPE_ALONE/v2/hh09dta_b2/query_000196.py,"[""ii_portad"", ""ii_se"", ""ii_ah"", ""ii_su""]","[""ii_portad_enriched.txt"", ""ii_se_enriched.txt"", ""ii_ah_enriched.txt"", ""ii_su_enriched.txt""]",hh09dta_b2,yes,having,2.0,
"Among households in Oaxaca (ent = 20) that reported using a plot of land (su01 = 1) and a positive expense on chemical fertilizer (su231 > 0), which households spend more on chemical fertilizer than the national average among all land-using households with positive fertilizer expense? Return the Household ID and fertilizer expense, sorted by expense descending.","Which household IDs in Oaxaca that use a plot of land for farming have chemical fertilizer expenses above the average among all land-using households, and what are those expenses, listed from highest to lowest?",python_script_for_queries/SQL_TYPE_ALONE/v2/hh09dta_b2/query_000197.py,"[""ii_portad"", ""ii_su"", ""ii_inr""]","[""ii_portad_enriched.txt"", ""ii_su_enriched.txt"", ""ii_inr_enriched.txt""]",hh09dta_b2,yes,scalar_filter,1.0,
"Among households in Oaxaca (ent = 20), what is the count of households that explicitly reported owning/sharing a non-agricultural business (nna01 = 1) versus explicitly not owning one (nna01 = 2), restricted to households in which at least one member personally owns an electronic device (ah03e = 1)?","For households in Oaxaca, among those with at least one member who owns an electronic device, how many households report owning or sharing a non-agricultural business versus not?",python_script_for_queries/SQL_TYPE_ALONE/v2/hh09dta_b2/query_000198.py,"[""ii_portad"", ""ii_nna"", ""ii_su"", ""ii_se"", ""ii_ah""]","[""ii_portad_enriched.txt"", ""ii_nna_enriched.txt"", ""ii_su_enriched.txt"", ""ii_se_enriched.txt"", ""ii_ah_enriched.txt""]",hh09dta_b2,yes,multi_join,1.0,
"Among households that have at least one resident aged 60 or older and at least one member who owns an electronic device with a recorded positive value, and that also received any direct income from Other Government Program in the last 12 months (positive in02a10), what is, by state (ent), the average of the household-level maximum declared value of an electronic device and the number of such households? Note: the condition is ""at least one qualifying resident/member"" per household, not that all residents qualify, and ""direct income"" refers to in02a10 rather than participation indicators.","By state, what is the average of the maximum reported value of electronic devices per household, and how many households are included, among households that have at least one member aged 60 or older, report owning electronic devices with a positive stated value, and received a positive direct amount from an Other Government Program?",python_script_for_queries/SQL_TYPE_ALONE/v2/hh09dta_b2/query_000199.py,"[""ii_portad"", ""ii_ah"", ""ii_in""]","[""ii_portad_enriched.txt"", ""ii_ah_enriched.txt"", ""ii_in_enriched.txt""]",hh09dta_b2,yes,column_provenance,1.0,
"Among households that explicitly reported receiving ""70 y más"" in the last 12 months (in01a11_1 = 1), which states have a number of such households with at least one member aged 70 or older that is at least as high as the national average across states? Return the state code and that household count.","Which states have at least the average (across states) number of households that both reported receiving income from the '70 y más' program in the last 12 months and include at least one resident aged 70 or older, and how many such households are there in each of those states?",python_script_for_queries/SQL_TYPE_ALONE/v2/hh09dta_b2/query_000200.py,"[""ii_portad"", ""ii_su"", ""ii_in"", ""ii_inr""]","[""ii_portad_enriched.txt"", ""ii_su_enriched.txt"", ""ii_in_enriched.txt"", ""ii_inr_enriched.txt""]",hh09dta_b2,yes,join_fanout,1.0,
"Among households that reported a numeric total debts + interests value (crh04_1 = 1), which states (ent) have a number of distinct households that also have at least one member who owns an electronic device (ah03e = 1) that is at least as high as the average across states of that count? Return the state codes and the number of such households.",Which states have a count of households that both reported a value for total debts plus interest and have at least one household member who owns an electronic device that is greater than or equal to the average count across states?,python_script_for_queries/SQL_TYPE_ALONE/v2/hh09dta_b2/query_000201.py,"[""ii_portad"", ""ii_ah"", ""ii_crh""]","[""ii_portad_enriched.txt"", ""ii_ah_enriched.txt"", ""ii_crh_enriched.txt""]",hh09dta_b2,yes,having,3.0,
